[
{
    "fields": {
        "name": "Great British",
        "short_name": "UK"
    },
    "model": "product.country",
    "pk": 1
},
{
    "fields": {
        "name": "American",
        "short_name": "US"
    },
    "model": "product.country",
    "pk": 2
},
{
    "fields": {
        "name": "Australia",
        "short_name": "AU"
    },
    "model": "product.country",
    "pk": 3
},
{
    "fields": {
        "name": "China",
        "short_name": "CN"
    },
    "model": "product.country",
    "pk": 4
},
{
    "fields": {
        "name": "Japan",
        "short_name": "JP"
    },
    "model": "product.country",
    "pk": 5
},
{
    "fields": {
        "name": "Germany",
        "short_name": "DE"
    },
    "model": "product.country",
    "pk": 6
},
{
    "fields": {
        "remarks": "",
        "name": "\u4fdd\u5065\u54c1"
    },
    "model": "customer.interesttag",
    "pk": 1
},
{
    "fields": {
        "remarks": "",
        "name": "\u5976\u7c89"
    },
    "model": "customer.interesttag",
    "pk": 2
},
{
    "fields": {
        "remarks": "",
        "name": "\u5316\u5986\u54c1"
    },
    "model": "customer.interesttag",
    "pk": 3
},
{
    "fields": {
        "remarks": "",
        "name": "\u751f\u6d3b\u65e5\u5316"
    },
    "model": "customer.interesttag",
    "pk": 4
},
{
    "fields": {
        "remarks": "",
        "name": "\u978b"
    },
    "model": "customer.interesttag",
    "pk": 5
},
{
    "fields": {
        "remarks": "",
        "name": "\u5305"
    },
    "model": "customer.interesttag",
    "pk": 6
},
{
    "fields": {
        "remarks": "",
        "name": "\u8868"
    },
    "model": "customer.interesttag",
    "pk": 7
},
{
    "fields": {
        "name": "\u7f57\u97ec",
        "order_count": 2,
        "mobile": "0413725868",
        "tags": [],
        "last_order_time": "2015-08-27T02:00:20Z",
        "user_permissions": [],
        "last_login": "2015-07-18T10:35:06Z",
        "groups": [],
        "remarks": "",
        "primary_address": 1,
        "password": "pbkdf2_sha256$15000$tQU6a8DXa1kZ$3TZFU78lo3qIQEPZ/HwWGo80lCnhSsMgwjBjpvJwF9Y=",
        "email": "",
        "date_joined": "2015-07-18T10:35:06Z"
    },
    "model": "customer.customer",
    "pk": 1
},
{
    "fields": {
        "name": "\u5218\u7ea2\u4e91",
        "order_count": 1,
        "mobile": "15210663679",
        "tags": [
            1,
            3,
            4
        ],
        "last_order_time": "2015-07-20T13:02:42Z",
        "user_permissions": [],
        "last_login": "2015-07-20T12:56:36Z",
        "groups": [],
        "remarks": "",
        "primary_address": 3,
        "password": "pbkdf2_sha256$15000$eBQrmCRNftqr$yPJMQ2eOrvgrFuQjIfWCOD32mmh42MjeF6TV3QmkfVc=",
        "email": "",
        "date_joined": "2015-07-20T12:56:36Z"
    },
    "model": "customer.customer",
    "pk": 2
},
{
    "fields": {
        "name": "\u848b\u7433",
        "order_count": 4,
        "mobile": "13522787749",
        "tags": [
            1,
            2,
            3,
            4
        ],
        "last_order_time": "2015-09-03T04:56:28Z",
        "user_permissions": [],
        "last_login": "2015-07-21T00:31:25Z",
        "groups": [],
        "remarks": "",
        "primary_address": 2,
        "password": "pbkdf2_sha256$15000$PpNbxSZkbyEB$n4EHonnLYvAaceANHbzzdlbtPGlT27kzcqRDvaMYqk8=",
        "email": "",
        "date_joined": "2015-07-21T00:31:25Z"
    },
    "model": "customer.customer",
    "pk": 3
},
{
    "fields": {
        "name": "\u7f57\u592a\u9633",
        "order_count": 1,
        "mobile": "18824258871",
        "tags": [
            3,
            5,
            6,
            7
        ],
        "last_order_time": "2015-07-22T12:11:59Z",
        "user_permissions": [],
        "last_login": "2015-07-22T11:49:02Z",
        "groups": [],
        "remarks": "",
        "primary_address": 4,
        "password": "pbkdf2_sha256$15000$2yglqYOu1ssq$XrAilQyZGIf60pzybkskVOdenhjjnGHXixT9oD7jwwo=",
        "email": "",
        "date_joined": "2015-07-22T11:49:02Z"
    },
    "model": "customer.customer",
    "pk": 4
},
{
    "fields": {
        "name": "\u5218\u4e30",
        "order_count": 2,
        "mobile": "15201496286",
        "tags": [],
        "last_order_time": "2015-09-14T04:28:30Z",
        "user_permissions": [],
        "last_login": "2015-08-04T02:27:34Z",
        "groups": [],
        "remarks": "",
        "primary_address": 5,
        "password": "pbkdf2_sha256$15000$rcqhNv8IXmi4$SIULSVvYdA2E4uun8elmwTXU8TRKgJG13hfWTWLYMaQ=",
        "email": "",
        "date_joined": "2015-08-04T02:27:35Z"
    },
    "model": "customer.customer",
    "pk": 5
},
{
    "fields": {
        "name": "\u5510\u9752\u9752",
        "order_count": 11,
        "mobile": "15825982635",
        "tags": [],
        "last_order_time": "2015-09-07T04:18:28Z",
        "user_permissions": [],
        "last_login": "2015-08-04T02:28:53Z",
        "groups": [],
        "remarks": "",
        "primary_address": 6,
        "password": "pbkdf2_sha256$15000$ACI97X0Hv5hU$BptZ4Pg+WsSE2kVu2qCY1MOqTDu3Sw09oeejp8eWzhQ=",
        "email": "",
        "date_joined": "2015-08-04T02:28:54Z"
    },
    "model": "customer.customer",
    "pk": 6
},
{
    "fields": {
        "name": "\u5411\u4fca\u4e88",
        "order_count": 5,
        "mobile": "15974163695",
        "tags": [],
        "last_order_time": "2015-09-20T07:57:56Z",
        "user_permissions": [],
        "last_login": "2015-08-15T10:56:12Z",
        "groups": [],
        "remarks": "",
        "primary_address": 8,
        "password": "pbkdf2_sha256$15000$8w1hcEMkA5Rp$yvRM5t734WQB1vCVy3a70o7wftzVyyL7SIC+w+ZcLLg=",
        "email": "",
        "date_joined": "2015-08-15T10:56:13Z"
    },
    "model": "customer.customer",
    "pk": 7
},
{
    "fields": {
        "name": "\u5411\u71d5",
        "order_count": 1,
        "mobile": "18574301522",
        "tags": [],
        "last_order_time": "2015-08-16T10:24:14Z",
        "user_permissions": [],
        "last_login": "2015-08-15T10:59:42Z",
        "groups": [],
        "remarks": "",
        "primary_address": 9,
        "password": "pbkdf2_sha256$15000$ykFFaChBp7Gk$Lu0wdpKJqrCYQxph4CdU30NKaIbsdGvWVc8R+/wFIqs=",
        "email": "",
        "date_joined": "2015-08-15T10:59:42Z"
    },
    "model": "customer.customer",
    "pk": 8
},
{
    "fields": {
        "name": "\u8e47\u8513\u8389",
        "order_count": 1,
        "mobile": "13760478802",
        "tags": [
            1,
            3,
            4
        ],
        "last_order_time": "2015-09-13T07:57:08Z",
        "user_permissions": [],
        "last_login": "2015-08-20T05:49:46Z",
        "groups": [],
        "remarks": "",
        "primary_address": 11,
        "password": "pbkdf2_sha256$15000$XrNmgj0BSaXC$ZSOWh+bRrPJV54VvAcDCZX48bGFhJgccSWO3wWvEE2c=",
        "email": "",
        "date_joined": "2015-08-20T05:49:47Z"
    },
    "model": "customer.customer",
    "pk": 9
},
{
    "fields": {
        "name": "\u9646\u5a77",
        "order_count": 1,
        "mobile": "15874086904",
        "tags": [],
        "last_order_time": "2015-08-23T05:18:45Z",
        "user_permissions": [],
        "last_login": "2015-08-23T05:16:36Z",
        "groups": [],
        "remarks": "",
        "primary_address": 12,
        "password": "pbkdf2_sha256$15000$UrQI5LjhSE67$elN44tm2fenKTpFRF79zBkv9cXEsTwi5117Jmg8hBh8=",
        "email": "",
        "date_joined": "2015-08-23T05:16:36Z"
    },
    "model": "customer.customer",
    "pk": 10
},
{
    "fields": {
        "name": "\u5218\u5f3a",
        "order_count": 6,
        "mobile": "13933900933",
        "tags": [
            2
        ],
        "last_order_time": "2015-09-13T07:05:33Z",
        "user_permissions": [],
        "last_login": "2015-08-28T02:53:12Z",
        "groups": [],
        "remarks": "",
        "primary_address": 14,
        "password": "pbkdf2_sha256$15000$lAmq4FyhMf4z$u1RUASHnaeiPBtlDwwCYTX+XkFB767k6IziuAebAX10=",
        "email": "",
        "date_joined": "2015-08-28T02:53:12Z"
    },
    "model": "customer.customer",
    "pk": 11
},
{
    "fields": {
        "name": "\u4e8e\u8389\u8389",
        "order_count": 3,
        "mobile": "18601030961",
        "tags": [],
        "last_order_time": "2015-09-18T15:38:48Z",
        "user_permissions": [],
        "last_login": "2015-09-07T01:30:10Z",
        "groups": [],
        "remarks": "",
        "primary_address": 15,
        "password": "pbkdf2_sha256$15000$DRjkP9itzkJc$eNaJjlu8Xp3UApvpt8ueHSehjFK0Rs2KHGsvNFGvGVs=",
        "email": "",
        "date_joined": "2015-09-07T01:30:10Z"
    },
    "model": "customer.customer",
    "pk": 12
},
{
    "fields": {
        "name": "\u6768\u9759",
        "order_count": 2,
        "mobile": "15028186866",
        "tags": [],
        "last_order_time": "2015-09-07T05:23:22Z",
        "user_permissions": [],
        "last_login": "2015-09-07T05:22:33Z",
        "groups": [],
        "remarks": "",
        "primary_address": 16,
        "password": "pbkdf2_sha256$15000$9CxGjjbYZXmU$1YISSbGtwN3KmlUGRtIGfTFjTFUvU5F+kBkZAMC8/ec=",
        "email": "",
        "date_joined": "2015-09-07T05:22:33Z"
    },
    "model": "customer.customer",
    "pk": 13
},
{
    "fields": {
        "name": "\u5f20\u857e",
        "order_count": 1,
        "mobile": "13326835555",
        "tags": [],
        "last_order_time": "2015-09-11T01:30:39Z",
        "user_permissions": [],
        "last_login": "2015-09-11T01:06:45Z",
        "groups": [],
        "remarks": "",
        "primary_address": 17,
        "password": "pbkdf2_sha256$15000$dY7ZPvMevXMJ$/hurKZ1absiW6St26HDwtFCOvoQcPQbN2oluE4DclBQ=",
        "email": "",
        "date_joined": "2015-09-11T01:06:45Z"
    },
    "model": "customer.customer",
    "pk": 14
},
{
    "fields": {
        "name": "\u4faf\u519b\u4f1f",
        "order_count": 1,
        "mobile": "18610820285",
        "tags": [],
        "last_order_time": "2015-09-16T00:55:35Z",
        "user_permissions": [],
        "last_login": "2015-09-16T00:54:36Z",
        "groups": [],
        "remarks": "",
        "primary_address": 23,
        "password": "pbkdf2_sha256$12000$td7sUK4Y29qv$ZcWCk55MoUAOudaIlWAKDdDtbGNmP0yGjl80jNXYilU=",
        "email": "",
        "date_joined": "2015-09-16T00:54:36Z"
    },
    "model": "customer.customer",
    "pk": 15
},
{
    "fields": {
        "name": "\u5468\u7855",
        "order_count": 1,
        "mobile": "",
        "tags": [],
        "last_order_time": "2015-09-18T14:15:01Z",
        "user_permissions": [],
        "last_login": "2015-09-18T14:12:40Z",
        "groups": [],
        "remarks": "",
        "primary_address": null,
        "password": "pbkdf2_sha256$12000$0ICgUL01f9ry$1pSl8kzD86mYlacmMDZcb/7Vtx2+RW3RYqf4FvY8u7Q=",
        "email": "",
        "date_joined": "2015-09-18T14:12:40Z"
    },
    "model": "customer.customer",
    "pk": 16
},
{
    "fields": {
        "name": "\u7f57\u8605",
        "order_count": 3,
        "mobile": "15307319212",
        "tags": [],
        "last_order_time": "2015-09-20T10:29:38Z",
        "user_permissions": [],
        "last_login": "2015-09-21T00:57:21Z",
        "groups": [],
        "remarks": "",
        "primary_address": 18,
        "password": "pbkdf2_sha256$15000$64CECDVii86W$EHzOceDaxAcMzi1t57f7+jS2WljOEEwHSLMxM9JjvPM=",
        "email": "",
        "date_joined": "2015-09-21T00:57:22Z"
    },
    "model": "customer.customer",
    "pk": 17
},
{
    "fields": {
        "name": "\u8463\u4e39",
        "order_count": 2,
        "mobile": "13517325995",
        "tags": [],
        "last_order_time": "2015-10-19T01:00:05Z",
        "user_permissions": [],
        "last_login": "2015-10-19T01:00:05Z",
        "groups": [],
        "remarks": "",
        "primary_address": 21,
        "password": "pbkdf2_sha256$12000$dz6dImiAXVWI$CiaSc6RXMZBb+y7P8fDpm65eguA7jrayReDLkm4/ETk=",
        "email": "",
        "date_joined": "2015-10-19T01:00:05Z"
    },
    "model": "customer.customer",
    "pk": 18
},
{
    "fields": {
        "name": "\u4ee3\u5a34",
        "order_count": 1,
        "mobile": "18810534497",
        "tags": [],
        "last_order_time": "2015-10-27T03:56:55Z",
        "user_permissions": [],
        "last_login": "2015-10-27T03:56:55Z",
        "groups": [],
        "remarks": "",
        "primary_address": 24,
        "password": "pbkdf2_sha256$12000$IMIJkw6jwiyc$fEwVRTXHC/YFDpP0/otUpltZnWHg6z/4ADy9YF2a0lM=",
        "email": "",
        "date_joined": "2015-10-27T03:56:55Z"
    },
    "model": "customer.customer",
    "pk": 19
},
{
    "fields": {
        "name": "\u803f\u60a6",
        "order_count": 1,
        "mobile": "18603391861",
        "tags": [],
        "last_order_time": "2015-11-01T00:40:37Z",
        "user_permissions": [],
        "last_login": "2015-11-01T00:40:36Z",
        "groups": [],
        "remarks": "",
        "primary_address": 25,
        "password": "pbkdf2_sha256$12000$aG0gC3oUi33H$RBV2L4t3CZ4D4FrYUh/3fCjTk6VA8R+cVK0OsAUnNZ0=",
        "email": "",
        "date_joined": "2015-11-01T00:40:37Z"
    },
    "model": "customer.customer",
    "pk": 20
},
{
    "fields": {
        "name": "\u7fdf\u4e3d",
        "order_count": 0,
        "mobile": "15201503228",
        "tags": [],
        "last_order_time": "2015-11-17T10:04:56Z",
        "user_permissions": [],
        "last_login": "2015-11-17T10:04:56Z",
        "groups": [],
        "remarks": "",
        "primary_address": 27,
        "password": "pbkdf2_sha256$12000$pwzBb15N3xgd$PoPn0RUdby/ZLJ6WCo14xup2WcIUbw50kO5R9Wu0zzw=",
        "email": "",
        "date_joined": "2015-11-17T10:04:56Z"
    },
    "model": "customer.customer",
    "pk": 21
},
{
    "fields": {
        "name": "\u5218\u838e",
        "order_count": 0,
        "mobile": "13548669866",
        "tags": [],
        "last_order_time": "2015-11-27T22:00:42Z",
        "user_permissions": [],
        "last_login": "2015-11-27T22:00:42Z",
        "groups": [],
        "remarks": "",
        "primary_address": 28,
        "password": "pbkdf2_sha256$12000$7uSoqPVTLHGv$EuMLSS4etr9zFpc1NUIJGaDOB6rfDJiPq4BMwTsFwQE=",
        "email": "",
        "date_joined": "2015-11-27T22:00:42Z"
    },
    "model": "customer.customer",
    "pk": 22
},
{
    "fields": {
        "name": "\u5510\u6c38\u7ea2",
        "order_count": 0,
        "mobile": "18630377550",
        "tags": [],
        "last_order_time": "2015-11-28T05:32:55Z",
        "user_permissions": [],
        "last_login": "2015-11-28T05:32:55Z",
        "groups": [],
        "remarks": "",
        "primary_address": 29,
        "password": "pbkdf2_sha256$12000$38tnguZHJEt4$6aF1jiGcu5TUQXaOO5hcKh+0Dg/xWNYlYEmD20pnuwM=",
        "email": "",
        "date_joined": "2015-11-28T05:32:55Z"
    },
    "model": "customer.customer",
    "pk": 23
},
{
    "fields": {
        "customer": 1,
        "name": "\u7f57\u97ec",
        "mobile": "0413725868",
        "id_number": "433101198310120536",
        "address": "2/13 Allens RD Heathmont",
        "id_photo_front": "id/1_1_front.jpg",
        "id_photo_back": "id/1_1_back.jpg"
    },
    "model": "customer.address",
    "pk": 1
},
{
    "fields": {
        "customer": 3,
        "name": "\u8d75\u5b66\u6210",
        "mobile": "13522787749",
        "id_number": "370285198305024711",
        "address": "\u5317\u4eac\u77f3\u666f\u5c71\u533a\u8001\u5c71\u4e1c\u91cc32\u680b1203\u5ba4, 100043",
        "id_photo_front": "id/3_1_front.jpg",
        "id_photo_back": "id/3_1_back.jpg"
    },
    "model": "customer.address",
    "pk": 2
},
{
    "fields": {
        "customer": 2,
        "name": "\u5218\u7ea2\u4e91",
        "mobile": "15210663679",
        "id_number": "420684198411144602",
        "address": "\u5317\u4eac\u5e02 \u6d77\u6dc0\u533a \u4e2d\u5173\u6751\u8f6f\u4ef6\u56ed24\u53f7\u697c\uff08\u7532\u9aa8\u6587\u5927\u53a6\uff09, 100193",
        "id_photo_front": "id/2_0_front.jpg",
        "id_photo_back": "id/2_0_back.jpg"
    },
    "model": "customer.address",
    "pk": 3
},
{
    "fields": {
        "customer": 4,
        "name": "\u7f57\u592a\u9633",
        "mobile": "18824258871",
        "id_number": "440223199310033528",
        "address": "\u5e7f\u5dde\u5e02\u767d\u4e91\u533a\u4eba\u548c\u9547\u65b9\u77f3\u6751\u65b9\u77f3\u724c\u574a\u5b9d\u8d1d\u4e50\u516c\u53f8",
        "id_photo_front": "id/4_0_front.jpg",
        "id_photo_back": "id/4_0_back.jpg"
    },
    "model": "customer.address",
    "pk": 4
},
{
    "fields": {
        "customer": 5,
        "name": "\u5218\u4e30",
        "mobile": "15201496286",
        "id_number": "130302198210203522",
        "address": "\u5317\u4eac\u5e02 \u6d77\u6dc0\u533a \u7f8a\u574a\u5e97\u8857\u9053 \u590d\u5174\u8def17\u53f7\u56fd\u6d77\u5e7f\u573ab\u5ea712\u5c42, 100036",
        "id_photo_front": "id/5_1_front.jpg",
        "id_photo_back": "id/5_1_back.jpg"
    },
    "model": "customer.address",
    "pk": 5
},
{
    "fields": {
        "customer": 6,
        "name": "\u5510\u9752\u9752",
        "mobile": "15825982635",
        "id_number": "500109198703269127",
        "address": "\u91cd\u5e86\u5e02 \u6e1d\u5317\u533a \u6c5f\u5317\u673a\u573a\u884c\u653f\u697c5\u697c, 401120",
        "id_photo_front": "id/6_0_front.jpg",
        "id_photo_back": "id/6_0_back.jpg"
    },
    "model": "customer.address",
    "pk": 6
},
{
    "fields": {
        "customer": 5,
        "name": "\u9ec4\u9510",
        "mobile": "15011083176",
        "id_number": "130302198308101831",
        "address": "\u5317\u4eac\u5e02 \u6d77\u6dc0\u533a \u4e1c\u5317\u65fa\u897f\u8def\u4e2d\u5173\u6751\u8f6f\u4ef6\u56ed28\u53f7\u697c\u73af\u5b87\u5927\u53a6 \uff0c100094",
        "id_photo_front": "id/5_1_front_1LYAgin.jpg",
        "id_photo_back": "id/5_1_back_usEKVDD.jpg"
    },
    "model": "customer.address",
    "pk": 7
},
{
    "fields": {
        "customer": 7,
        "name": "\u5411\u4fca\u4e88",
        "mobile": "15974163695",
        "id_number": "433127198101046820",
        "address": "\u6e56\u5357\u7701\u957f\u6c99\u5e02\u5f00\u798f\u533a\u4e1c\u98ce\u8def\u4e03\u6761\u5df7\u79d1\u5927\u897f\u95e8",
        "id_photo_front": "id/7_0_front.jpg",
        "id_photo_back": "id/7_0_back.jpg"
    },
    "model": "customer.address",
    "pk": 8
},
{
    "fields": {
        "customer": 8,
        "name": "\u5411\u71d5",
        "mobile": "18574301522",
        "id_number": "43312419900504402x",
        "address": "\u6e56\u5357\u7701\u82b1\u57a3\u53bf\u76db\u4e16\u661f\u57ce\u5c0f\u533a15#1#202",
        "id_photo_front": "id/8_0_front.jpg",
        "id_photo_back": "id/8_0_back.jpg"
    },
    "model": "customer.address",
    "pk": 9
},
{
    "fields": {
        "customer": 6,
        "name": "\u65b9\u821f",
        "mobile": "18602319945",
        "id_number": "",
        "address": "\u91cd\u5e86\u5e02 \u6e1d\u5317\u533a \u9e33\u9e2f\u8857\u9053 \u91d1\u6e1d\u5927\u905381\u53f7\u590d\u5730\u5929\u73ba70\u680b, 400",
        "id_photo_front": "",
        "id_photo_back": ""
    },
    "model": "customer.address",
    "pk": 10
},
{
    "fields": {
        "customer": 9,
        "name": "\u8e47\u8513\u8389",
        "mobile": "13760478802",
        "id_number": "430407198802080026",
        "address": "\u6df1\u5733\u5e02\u798f\u7530\u533a\u666f\u7530\u4e1c\u8def\u6da6\u4e30\u56edA1301",
        "id_photo_front": "id/9_0_front.jpg",
        "id_photo_back": "id/9_0_back.jpg"
    },
    "model": "customer.address",
    "pk": 11
},
{
    "fields": {
        "customer": 10,
        "name": "\u9646\u5a77",
        "mobile": "11111",
        "id_number": "",
        "address": "1",
        "id_photo_front": "",
        "id_photo_back": ""
    },
    "model": "customer.address",
    "pk": 12
},
{
    "fields": {
        "customer": 10,
        "name": "\u9ec4\u6653\u5a1f",
        "mobile": "15122401315",
        "id_number": "430482198808155885",
        "address": "\u5929\u6d25\u5e02\u6cb3\u4e1c\u533a\u5341\u4e94\u7ecf\u8def2\u53f7\u697c1\u95e8501",
        "id_photo_front": "id/10_2_front.jpg",
        "id_photo_back": "id/10_2_back.jpg"
    },
    "model": "customer.address",
    "pk": 13
},
{
    "fields": {
        "customer": 11,
        "name": "\u5218\u5f3a",
        "mobile": "13933900933",
        "id_number": "130302197811054812",
        "address": "\u6cb3\u5317\u7701\u79e6\u7687\u5c9b\u5e02\u6d77\u6e2f\u533a\u5149\u660e\u8def58-7\u53f7\uff08\u4f53\u5f69\u4e2d\u5fc3\uff09\uff0c066000",
        "id_photo_front": "id/11_1_front.jpg",
        "id_photo_back": "id/11_1_back.jpg"
    },
    "model": "customer.address",
    "pk": 14
},
{
    "fields": {
        "customer": 12,
        "name": "\u4e8e\u8389\u8389",
        "mobile": "18601030961",
        "id_number": "610302197807221029",
        "address": "\u6df1\u5733\u5e02\u5357\u5c71\u533a\u897f\u4e3d\u5b9d\u80fd\u534e\u5e9cB\u5ea71201",
        "id_photo_front": "id/12_1_front.jpg",
        "id_photo_back": "id/12_1_back.jpg"
    },
    "model": "customer.address",
    "pk": 15
},
{
    "fields": {
        "customer": 13,
        "name": "\u6768\u9759",
        "mobile": "15028186866",
        "id_number": "130104198403161826",
        "address": "\u6cb3\u5317\u7701\u77f3\u5bb6\u5e84\u5e02\u6865\u897f\u533a \u7ea2\u65d7\u8857\u9053\u5357\u4e8c\u73af\u65ed\u57ce\u82b1\u56ed\u65ed\u534e\u56ed6\u53f7\u697c4\u5355\u5143301\u5ba4 \uff0c050000",
        "id_photo_front": "id/13_1_front.jpg",
        "id_photo_back": "id/13_1_back.jpg"
    },
    "model": "customer.address",
    "pk": 16
},
{
    "fields": {
        "customer": 14,
        "name": "\u5f20\u857e",
        "mobile": "13326835555",
        "id_number": "513901199210011840",
        "address": "\u5e7f\u4e1c\u7701\u4f5b\u5c71\u5e02\u5357\u6d77\u533a\u4e5d\u6c5f\u9547\u4e0b\u4e1c\u6751\u5357\u534e\u5de5\u4e1a\u533a23\u53f7\uff08\u5609\u97f5\u5bb6\u7eba\u540e\u9762\uff09",
        "id_photo_front": "id/14_1_front.jpg",
        "id_photo_back": "id/14_1_back.jpg"
    },
    "model": "customer.address",
    "pk": 17
},
{
    "fields": {
        "customer": 17,
        "name": "\u7f57\u8605",
        "mobile": "15307319212",
        "id_number": "433101198803290541",
        "address": "\u6e56\u5357\u7701\u957f\u6c99\u5e02\u8299\u84c9\u533a\u4eba\u6c11\u4e1c\u8def329\u53f7\u6e58\u57df\u7199\u5cb84\u680b1806",
        "id_photo_front": "id/17_0_front.jpg",
        "id_photo_back": "id/17_0_back.jpg"
    },
    "model": "customer.address",
    "pk": 18
},
{
    "fields": {
        "customer": 7,
        "name": "\u5510\u70ac",
        "mobile": "13574191415",
        "id_number": "430121198312052015",
        "address": "\u6e56\u5357\u7701\u957f\u6c99\u53bf\u6994\u68a8\u5de5\u4e1a\u56ed\u6e56\u5357\u6052\u901a\u6db2\u538b\u6709\u9650\u516c\u53f8",
        "id_photo_front": "id/7_3_front_FHaHjCV.jpg",
        "id_photo_back": "id/7_3_back_bTYW73v.jpg"
    },
    "model": "customer.address",
    "pk": 19
},
{
    "fields": {
        "customer": 7,
        "name": "\u53f6\u519b",
        "mobile": "18153796809",
        "id_number": "430121198506172015",
        "address": "\u957f\u6c99\u5e02\u8299\u84c9\u533a\u4e1c\u6e56\u8857\u9053\u5927\u65b9\u690d\u4fdd\u6709\u9650\u516c\u53f8\u65c1\u81ea\u7531\u5ba2\u7535\u52a8\u8f66\u519c\u5927\u5e97",
        "id_photo_front": "id/7_3_front.jpg",
        "id_photo_back": "id/7_3_back.jpg"
    },
    "model": "customer.address",
    "pk": 20
},
{
    "fields": {
        "customer": 18,
        "name": "\u8463\u4e39",
        "mobile": "13517325995",
        "id_number": "43030219770322028x",
        "address": "\u6e56\u5357\u7701\u6e58\u6f6d\u5e02\u5cb3\u5858\u533a\u5efa\u8bbe\u5357\u8def280\u56fd\u7a0e\u7a3d\u67e5\u5c40,411101",
        "id_photo_front": "id/18_1_front.jpg",
        "id_photo_back": "id/18_1_back.jpg"
    },
    "model": "customer.address",
    "pk": 21
},
{
    "fields": {
        "customer": 6,
        "name": "\u9648\u5b87",
        "mobile": "13666169260",
        "id_number": "500225198710124116",
        "address": "\u6210\u90fd\u5e02\u53cc\u6d41\u53bf\u534e\u9633\u9547 \u534e\u5e9c\u5927\u9053996\u53f7 \u5149\u660e\u57ce\u5e02\u4e00\u671f",
        "id_photo_front": "id/6_3_front.jpg",
        "id_photo_back": "id/6_3_back.jpg"
    },
    "model": "customer.address",
    "pk": 22
},
{
    "fields": {
        "customer": 15,
        "name": "\u4faf\u519b\u4f1f",
        "mobile": "18610820285",
        "id_number": "",
        "address": "\u5317\u4eac\u5e02\u671d\u9633\u533a\u5c0f\u5173\u4e1c\u91cc\u516b\u53f7\u96624\u53f7\u697c2\u5355\u5143501",
        "id_photo_front": "",
        "id_photo_back": ""
    },
    "model": "customer.address",
    "pk": 23
},
{
    "fields": {
        "customer": 19,
        "name": "\u4ee3\u5a34",
        "mobile": "18810534497",
        "id_number": "370828198611297043",
        "address": "\u5317\u4eac\u5e02\u6d77\u6dc0\u533a\u7389\u6d77\u56ed\u5c0f\u533a\u4e09\u91cc16\u53f7\u697c\u5e95\u5546(\u4e09\u91cc\u5165\u53e3\u6c34\u7ad9)\u96c0\u5de2\u5fc3\u7f18\u6c34\u5e97(\u83dc\u9e1f\u9a7f\u7ad9:01088261384)",
        "id_photo_front": "id/19_1_front.jpg",
        "id_photo_back": "id/19_1_back.jpg"
    },
    "model": "customer.address",
    "pk": 24
},
{
    "fields": {
        "customer": 20,
        "name": "\u803f\u60a6",
        "mobile": "18603391861",
        "id_number": "",
        "address": "\u6cb3\u5317\u7701 \u79e6\u7687\u5c9b\u5e02 \u6d77\u6e2f\u533a \u5317\u90e8\u5de5\u4e1a\u533a \u548c\u6708\u5927\u885710\u53f7\u4e2d\u5175\u5efa\u8bbe\u96c6\u56e2\u4e94\u697c\u8bbe\u8ba1\u90e8,066000",
        "id_photo_front": "id/20_1_front.png",
        "id_photo_back": "id/20_1_back.png"
    },
    "model": "customer.address",
    "pk": 25
},
{
    "fields": {
        "customer": 17,
        "name": "\u674e\u6dd1\u840d",
        "mobile": "13307430803",
        "id_number": "433101195708030545",
        "address": "\u6e56\u5357\u7701\u957f\u6c99\u5e02\u8299\u84c9\u533a\u4eba\u6c11\u4e1c\u8def329\u53f7\u6e58\u57df\u7199\u5cb84\u680b1806",
        "id_photo_front": "id/17_1_front.jpg",
        "id_photo_back": "id/17_1_back.jpg"
    },
    "model": "customer.address",
    "pk": 26
},
{
    "fields": {
        "customer": 21,
        "name": "\u7fdf\u4e3d",
        "mobile": "15201503228",
        "id_number": "130184198410090669",
        "address": "\u5317\u4eac\u5e02 \u6d77\u6dc0\u533a \u516b\u91cc\u5e84\u8857\u9053\u4e94\u5b54\u686533\u53f7\u96625\u53f7\u697c3\u5355\u5143601 \uff0c100142",
        "id_photo_front": "id/21_1_front.jpg",
        "id_photo_back": "id/21_1_back.jpg"
    },
    "model": "customer.address",
    "pk": 27
},
{
    "fields": {
        "customer": 22,
        "name": "\u5218\u838e",
        "mobile": "13548669866",
        "id_number": "430111198703230744",
        "address": "\u6e56\u5357\u7701 \u957f\u6c99\u5e02 \u96e8\u82b1\u533a \u6842\u82b1\u8def267\u53f7\u6c11\u822a\u5bbf\u820d2\u680b3\u5355\u5143512",
        "id_photo_front": "id/22_0_front.jpg",
        "id_photo_back": "id/22_0_back.jpg"
    },
    "model": "customer.address",
    "pk": 28
},
{
    "fields": {
        "customer": 23,
        "name": "\u5510\u6c38\u7ea2",
        "mobile": "18630377550",
        "id_number": "512926197702180728",
        "address": "\u6cb3\u5317\u7701 \u79e6\u7687\u5c9b\u5e02 \u6d77\u6e2f\u533a \u8fce\u5bbe\u8def\u5929\u6d0b\u65b0\u57ce10\u680b\u4e09\u5355\u51432204",
        "id_photo_front": "id/23_0_front.jpg",
        "id_photo_back": "id/23_0_back.jpg"
    },
    "model": "customer.address",
    "pk": 29
},
{
    "fields": {
        "website": "http://www.aus-express.com/",
        "search_url": "http://www.aus-express.com/Search.aspx?txtNo=%s",
        "name_en": "\u6fb3\u4e16\u901f\u9012",
        "name_cn": "AusExpress",
        "rate": "8.00"
    },
    "model": "express.expresscarrier",
    "pk": 1
},
{
    "fields": {
        "website": "http://www.emms.com.au/",
        "search_url": "http://www.emms.com.au/",
        "name_en": "\u58a8\u5c14\u672c\u987a\u98ce",
        "name_cn": "EMMS",
        "rate": "7.00"
    },
    "model": "express.expresscarrier",
    "pk": 2
},
{
    "fields": {
        "website": "http://www.arkexpress.com.au/",
        "search_url": "http://www.arkexpress.com.au/cgi-bin/GInfo.dll?EmmisTrack&w=arkexpress&cno=%s&cmodel=&ntype=0",
        "name_en": "\u65b9\u821f\u901f\u9012",
        "name_cn": "ArkExpress",
        "rate": "8.00"
    },
    "model": "express.expresscarrier",
    "pk": 3
},
{
    "fields": {
        "website": "http://auexpress.com.au/",
        "search_url": "http://auexpress.com.au/TOrderQuery_Service.aspx?OrderId=%s",
        "name_en": "\u6fb3\u90ae\u901f\u9012",
        "name_cn": "AuExpress",
        "rate": "9.00"
    },
    "model": "express.expresscarrier",
    "pk": 4
},
{
    "fields": {
        "website": "http://www.aupost.com.au/",
        "search_url": "http://auspost.com.au/track/track.html?id=%s",
        "name_en": "AuPost",
        "name_cn": "AuPost",
        "rate": "10.00"
    },
    "model": "express.expresscarrier",
    "pk": 5
},
{
    "fields": {
        "website": "http://www.ems.com.cn/",
        "search_url": "http://www.ems.com.cn/",
        "name_en": "EMS",
        "name_cn": "EMS",
        "rate": "10.00"
    },
    "model": "express.expresscarrier",
    "pk": 6
},
{
    "fields": {
        "website": "http://www.sf-express.com/",
        "search_url": "http://www.sf-express.com/",
        "name_en": "\u987a\u4e30\u5feb\u9012",
        "name_cn": "SF-Express",
        "rate": "10.00"
    },
    "model": "express.expresscarrier",
    "pk": 7
},
{
    "fields": {
        "website": "http://www.transrush.com/",
        "search_url": "http://www.transrush.com/Transport/LogisticsTransferTrace.aspx?code=%s",
        "name_en": "Transrush",
        "name_cn": "\u8f6c\u8fd0\u56db\u65b9",
        "rate": "100.00"
    },
    "model": "express.expresscarrier",
    "pk": 8
},
{
    "fields": {
        "website": "http://emms.com.au/",
        "search_url": "http://120.25.248.148/cgi-bin/GInfo.dll?EmmisTrack&w=auexp&cno=%s&cmodel=&ntype=1000",
        "name_en": "SFX\u987a\u98ce",
        "name_cn": "SFX\u987a\u98ce",
        "rate": "7.00"
    },
    "model": "express.expresscarrier",
    "pk": 9
},
{
    "fields": {
        "fee": "38.00",
        "weight": "4.80",
        "track_id": "AU650494382SE",
        "id_upload": true,
        "carrier": 1,
        "create_time": "2015-07-18T13:55:15Z",
        "address": 2,
        "remarks": "",
        "order": 3
    },
    "model": "express.expressorder",
    "pk": 1
},
{
    "fields": {
        "fee": "8.50",
        "weight": "1.00",
        "track_id": "AU650494380SE",
        "id_upload": true,
        "carrier": 1,
        "create_time": "2015-07-18T13:55:15Z",
        "address": 2,
        "remarks": "",
        "order": 3
    },
    "model": "express.expressorder",
    "pk": 2
},
{
    "fields": {
        "fee": "9.00",
        "weight": "1.00",
        "track_id": "N7P3086150",
        "id_upload": true,
        "carrier": 5,
        "create_time": "2015-07-21T00:59:40Z",
        "address": 1,
        "remarks": "",
        "order": 7
    },
    "model": "express.expressorder",
    "pk": 3
},
{
    "fields": {
        "fee": "14.40",
        "weight": "1.80",
        "track_id": "AU650494514SE",
        "id_upload": true,
        "carrier": 1,
        "create_time": "2015-07-22T09:34:05Z",
        "address": 3,
        "remarks": "",
        "order": 6
    },
    "model": "express.expressorder",
    "pk": 4
},
{
    "fields": {
        "fee": "8.00",
        "weight": "1.00",
        "track_id": "AU650494635SE",
        "id_upload": true,
        "carrier": 1,
        "create_time": "2015-07-24T09:30:04Z",
        "address": 4,
        "remarks": "",
        "order": 8
    },
    "model": "express.expressorder",
    "pk": 5
},
{
    "fields": {
        "fee": "0.00",
        "weight": "7.50",
        "track_id": "DG42311",
        "id_upload": true,
        "carrier": 4,
        "create_time": "2015-08-04T03:19:36Z",
        "address": 5,
        "remarks": "",
        "order": 9
    },
    "model": "express.expressorder",
    "pk": 6
},
{
    "fields": {
        "fee": null,
        "weight": null,
        "track_id": "DG42437",
        "id_upload": true,
        "carrier": 4,
        "create_time": "2015-08-10T00:48:13Z",
        "address": 6,
        "remarks": "",
        "order": 10
    },
    "model": "express.expressorder",
    "pk": 7
},
{
    "fields": {
        "fee": null,
        "weight": null,
        "track_id": "DG42442",
        "id_upload": true,
        "carrier": 4,
        "create_time": "2015-08-10T00:50:43Z",
        "address": 2,
        "remarks": "",
        "order": 11
    },
    "model": "express.expressorder",
    "pk": 8
},
{
    "fields": {
        "fee": "12.00",
        "weight": "1.50",
        "track_id": "ARK525725AU",
        "id_upload": true,
        "carrier": 3,
        "create_time": "2015-08-15T12:32:30Z",
        "address": 6,
        "remarks": "",
        "order": 12
    },
    "model": "express.expressorder",
    "pk": 9
},
{
    "fields": {
        "fee": "12.00",
        "weight": "1.50",
        "track_id": "ARK525709AU",
        "id_upload": true,
        "carrier": 3,
        "create_time": "2015-08-15T14:36:19Z",
        "address": 6,
        "remarks": "",
        "order": 12
    },
    "model": "express.expressorder",
    "pk": 10
},
{
    "fields": {
        "fee": "7.20",
        "weight": "1.10",
        "track_id": "ASL252642",
        "id_upload": true,
        "carrier": 1,
        "create_time": "2015-08-16T09:12:28Z",
        "address": 6,
        "remarks": "",
        "order": 13
    },
    "model": "express.expressorder",
    "pk": 11
},
{
    "fields": {
        "fee": "22.00",
        "weight": "3.50",
        "track_id": "ASL252643",
        "id_upload": true,
        "carrier": 1,
        "create_time": "2015-08-16T10:20:11Z",
        "address": 8,
        "remarks": "",
        "order": 14
    },
    "model": "express.expressorder",
    "pk": 12
},
{
    "fields": {
        "fee": "7.50",
        "weight": "1.10",
        "track_id": "ASL252645",
        "id_upload": true,
        "carrier": 1,
        "create_time": "2015-08-16T10:20:51Z",
        "address": 8,
        "remarks": "",
        "order": 14
    },
    "model": "express.expressorder",
    "pk": 13
},
{
    "fields": {
        "fee": "6.50",
        "weight": "1.00",
        "track_id": "ASL252644",
        "id_upload": true,
        "carrier": 1,
        "create_time": "2015-08-16T10:24:14Z",
        "address": 9,
        "remarks": "",
        "order": 15
    },
    "model": "express.expressorder",
    "pk": 14
},
{
    "fields": {
        "fee": null,
        "weight": null,
        "track_id": "ark592256au",
        "id_upload": true,
        "carrier": 3,
        "create_time": "2015-08-23T05:15:46Z",
        "address": 6,
        "remarks": "",
        "order": 20
    },
    "model": "express.expressorder",
    "pk": 15
},
{
    "fields": {
        "fee": "8.00",
        "weight": "1.00",
        "track_id": "ARK592255AU",
        "id_upload": true,
        "carrier": 3,
        "create_time": "2015-08-23T05:18:45Z",
        "address": 13,
        "remarks": "",
        "order": 21
    },
    "model": "express.expressorder",
    "pk": 16
},
{
    "fields": {
        "fee": "48.00",
        "weight": "7.50",
        "track_id": "DG43005",
        "id_upload": true,
        "carrier": 4,
        "create_time": "2015-08-26T00:26:24Z",
        "address": 6,
        "remarks": "",
        "order": 23
    },
    "model": "express.expressorder",
    "pk": 17
},
{
    "fields": {
        "fee": "9.00",
        "weight": null,
        "track_id": "N7P3090650",
        "id_upload": true,
        "carrier": 5,
        "create_time": "2015-08-27T02:00:20Z",
        "address": 1,
        "remarks": "",
        "order": 24
    },
    "model": "express.expressorder",
    "pk": 18
},
{
    "fields": {
        "fee": "60.00",
        "weight": null,
        "track_id": "DG43064",
        "id_upload": true,
        "carrier": 4,
        "create_time": "2015-08-28T03:03:55Z",
        "address": 14,
        "remarks": "",
        "order": 25
    },
    "model": "express.expressorder",
    "pk": 19
},
{
    "fields": {
        "fee": "60.00",
        "weight": null,
        "track_id": "ARK503327AU",
        "id_upload": true,
        "carrier": 3,
        "create_time": "2015-09-03T04:56:28Z",
        "address": 2,
        "remarks": "",
        "order": 26
    },
    "model": "express.expressorder",
    "pk": 20
},
{
    "fields": {
        "fee": "60.00",
        "weight": null,
        "track_id": "ARK503315AU",
        "id_upload": true,
        "carrier": 3,
        "create_time": "2015-09-03T04:57:26Z",
        "address": 2,
        "remarks": "",
        "order": 26
    },
    "model": "express.expressorder",
    "pk": 21
},
{
    "fields": {
        "fee": null,
        "weight": null,
        "track_id": "512232",
        "id_upload": true,
        "carrier": 5,
        "create_time": "2015-09-09T02:59:04Z",
        "address": 15,
        "remarks": "https://www.internationalparceltracking.com/Main.aspx#/track/3STIGC4186941/CN/518055",
        "order": 27
    },
    "model": "express.expressorder",
    "pk": 23
},
{
    "fields": {
        "fee": "55.00",
        "weight": null,
        "track_id": "ARK372843AU",
        "id_upload": true,
        "carrier": 3,
        "create_time": "2015-09-11T01:30:39Z",
        "address": 17,
        "remarks": "",
        "order": 33
    },
    "model": "express.expressorder",
    "pk": 24
},
{
    "fields": {
        "fee": "28.00",
        "weight": null,
        "track_id": "ASL537250",
        "id_upload": true,
        "carrier": 1,
        "create_time": "2015-09-13T07:05:33Z",
        "address": 14,
        "remarks": "",
        "order": 34
    },
    "model": "express.expressorder",
    "pk": 25
},
{
    "fields": {
        "fee": "22.00",
        "weight": null,
        "track_id": "ASL537391",
        "id_upload": true,
        "carrier": 1,
        "create_time": "2015-09-13T07:57:08Z",
        "address": 11,
        "remarks": "",
        "order": 35
    },
    "model": "express.expressorder",
    "pk": 26
},
{
    "fields": {
        "fee": "55.00",
        "weight": null,
        "track_id": "ARK617089AU",
        "id_upload": true,
        "carrier": 3,
        "create_time": "2015-09-14T04:57:46Z",
        "address": 7,
        "remarks": "",
        "order": 36
    },
    "model": "express.expressorder",
    "pk": 27
},
{
    "fields": {
        "fee": "6.50",
        "weight": null,
        "track_id": "AU650622035SE",
        "id_upload": true,
        "carrier": 1,
        "create_time": "2015-09-19T09:31:32Z",
        "address": 15,
        "remarks": "",
        "order": 40
    },
    "model": "express.expressorder",
    "pk": 28
},
{
    "fields": {
        "fee": "20.10",
        "weight": "3.10",
        "track_id": "AU650622205SE",
        "id_upload": true,
        "carrier": 1,
        "create_time": "2015-09-20T10:04:21Z",
        "address": 8,
        "remarks": "",
        "order": 41
    },
    "model": "express.expressorder",
    "pk": 29
},
{
    "fields": {
        "fee": "22.80",
        "weight": "3.50",
        "track_id": "AU650622204SE",
        "id_upload": true,
        "carrier": 1,
        "create_time": "2015-09-20T10:26:16Z",
        "address": 6,
        "remarks": "",
        "order": 28
    },
    "model": "express.expressorder",
    "pk": 30
},
{
    "fields": {
        "fee": "22.70",
        "weight": "3.50",
        "track_id": "AU650622250SE",
        "id_upload": true,
        "carrier": 1,
        "create_time": "2015-09-20T10:27:44Z",
        "address": 6,
        "remarks": "",
        "order": 28
    },
    "model": "express.expressorder",
    "pk": 31
},
{
    "fields": {
        "fee": "31.20",
        "weight": "4.80",
        "track_id": "AU650622203SE",
        "id_upload": true,
        "carrier": 1,
        "create_time": "2015-09-20T10:29:38Z",
        "address": 18,
        "remarks": "",
        "order": 42
    },
    "model": "express.expressorder",
    "pk": 32
},
{
    "fields": {
        "fee": "22.10",
        "weight": "3.40",
        "track_id": "AU650622220SE",
        "id_upload": true,
        "carrier": 1,
        "create_time": "2015-09-20T10:30:40Z",
        "address": 18,
        "remarks": "",
        "order": 42
    },
    "model": "express.expressorder",
    "pk": 33
},
{
    "fields": {
        "fee": null,
        "weight": null,
        "track_id": "EA033452564NL",
        "id_upload": true,
        "carrier": 6,
        "create_time": "2015-09-22T23:47:38Z",
        "address": 15,
        "remarks": "",
        "order": 27
    },
    "model": "express.expressorder",
    "pk": 34
},
{
    "fields": {
        "fee": "2.00",
        "weight": null,
        "track_id": "210997957846",
        "id_upload": true,
        "carrier": 6,
        "create_time": "2015-09-29T10:28:21Z",
        "address": 16,
        "remarks": "\u767e\u4e16\u6c47\u901a",
        "order": 32
    },
    "model": "express.expressorder",
    "pk": 35
},
{
    "fields": {
        "fee": "0.00",
        "weight": "7.00",
        "track_id": "ARK691459AU",
        "id_upload": true,
        "carrier": 3,
        "create_time": "2015-10-08T11:23:34Z",
        "address": 6,
        "remarks": "",
        "order": 44
    },
    "model": "express.expressorder",
    "pk": 36
},
{
    "fields": {
        "fee": "0.00",
        "weight": "7.00",
        "track_id": "RIC100019",
        "id_upload": true,
        "carrier": 5,
        "create_time": "2015-10-08T11:24:43Z",
        "address": 6,
        "remarks": "https://www.ewe.com.au/track?cno=RIC100019#track-results",
        "order": 44
    },
    "model": "express.expressorder",
    "pk": 37
},
{
    "fields": {
        "fee": "0.00",
        "weight": "0.00",
        "track_id": "ARK691458AU",
        "id_upload": true,
        "carrier": 3,
        "create_time": "2015-10-08T23:28:21Z",
        "address": 14,
        "remarks": "",
        "order": 43
    },
    "model": "express.expressorder",
    "pk": 38
},
{
    "fields": {
        "fee": "60.00",
        "weight": "7.50",
        "track_id": "DG44263",
        "id_upload": true,
        "carrier": 4,
        "create_time": "2015-10-11T09:17:05Z",
        "address": 19,
        "remarks": "",
        "order": 45
    },
    "model": "express.expressorder",
    "pk": 39
},
{
    "fields": {
        "fee": "20.00",
        "weight": null,
        "track_id": "DG44264",
        "id_upload": true,
        "carrier": 4,
        "create_time": "2015-10-11T09:20:24Z",
        "address": 20,
        "remarks": "",
        "order": 47
    },
    "model": "express.expressorder",
    "pk": 40
},
{
    "fields": {
        "fee": null,
        "weight": null,
        "track_id": "DG44313",
        "id_upload": true,
        "carrier": 4,
        "create_time": "2015-10-13T01:18:28Z",
        "address": 6,
        "remarks": "",
        "order": 48
    },
    "model": "express.expressorder",
    "pk": 41
},
{
    "fields": {
        "fee": null,
        "weight": null,
        "track_id": "ARK691323AU",
        "id_upload": true,
        "carrier": 3,
        "create_time": "2015-10-14T04:40:48Z",
        "address": 6,
        "remarks": "",
        "order": 50
    },
    "model": "express.expressorder",
    "pk": 42
},
{
    "fields": {
        "fee": null,
        "weight": null,
        "track_id": "DG44429",
        "id_upload": true,
        "carrier": 4,
        "create_time": "2015-10-14T23:29:10Z",
        "address": 6,
        "remarks": "",
        "order": 49
    },
    "model": "express.expressorder",
    "pk": 43
},
{
    "fields": {
        "fee": null,
        "weight": null,
        "track_id": "DG44926",
        "id_upload": true,
        "carrier": 4,
        "create_time": "2015-10-26T02:37:16Z",
        "address": 22,
        "remarks": "",
        "order": 52
    },
    "model": "express.expressorder",
    "pk": 44
},
{
    "fields": {
        "fee": "25.00",
        "weight": "0.20",
        "track_id": "DD151021224105",
        "id_upload": true,
        "carrier": 8,
        "create_time": "2015-10-29T00:26:30Z",
        "address": 21,
        "remarks": "",
        "order": 51
    },
    "model": "express.expressorder",
    "pk": 45
},
{
    "fields": {
        "fee": "29.00",
        "weight": "0.20",
        "track_id": "DD151030014780",
        "id_upload": true,
        "carrier": 8,
        "create_time": "2015-10-29T00:31:01Z",
        "address": 21,
        "remarks": "",
        "order": 51
    },
    "model": "express.expressorder",
    "pk": 46
},
{
    "fields": {
        "fee": "8.50",
        "weight": "1.22",
        "track_id": "AU680062307SE",
        "id_upload": true,
        "carrier": 1,
        "create_time": "2015-11-01T02:59:43Z",
        "address": 24,
        "remarks": "",
        "order": 53
    },
    "model": "express.expressorder",
    "pk": 47
},
{
    "fields": {
        "fee": "0.00",
        "weight": null,
        "track_id": "660000936251",
        "id_upload": true,
        "carrier": 4,
        "create_time": "2015-11-01T04:12:07Z",
        "address": 14,
        "remarks": "http://zhexpress.com.au/TOrderQuery_Service.aspx?id=660000936251",
        "order": 56
    },
    "model": "express.expressorder",
    "pk": 48
},
{
    "fields": {
        "fee": "0.00",
        "weight": null,
        "track_id": "660000936250",
        "id_upload": true,
        "carrier": 4,
        "create_time": "2015-11-01T04:13:39Z",
        "address": 14,
        "remarks": "http://zhexpress.com.au/TOrderQuery_Service.aspx?id=660000936250",
        "order": 56
    },
    "model": "express.expressorder",
    "pk": 49
},
{
    "fields": {
        "fee": "0.00",
        "weight": null,
        "track_id": "660000936252",
        "id_upload": true,
        "carrier": 4,
        "create_time": "2015-11-01T04:13:39Z",
        "address": 14,
        "remarks": "http://zhexpress.com.au/TOrderQuery_Service.aspx?id=660000936252",
        "order": 56
    },
    "model": "express.expressorder",
    "pk": 50
},
{
    "fields": {
        "fee": "0.00",
        "weight": null,
        "track_id": "660000936253",
        "id_upload": true,
        "carrier": 4,
        "create_time": "2015-11-01T04:15:05Z",
        "address": 14,
        "remarks": "http://zhexpress.com.au/TOrderQuery_Service.aspx?id=660000936253",
        "order": 57
    },
    "model": "express.expressorder",
    "pk": 51
},
{
    "fields": {
        "fee": "0.00",
        "weight": null,
        "track_id": "660000936254",
        "id_upload": true,
        "carrier": 4,
        "create_time": "2015-11-01T04:15:05Z",
        "address": 14,
        "remarks": "http://zhexpress.com.au/TOrderQuery_Service.aspx?id=660000936254",
        "order": 57
    },
    "model": "express.expressorder",
    "pk": 52
},
{
    "fields": {
        "fee": "7.00",
        "weight": "1.00",
        "track_id": "AU680062296SE",
        "id_upload": true,
        "carrier": 1,
        "create_time": "2015-11-01T04:30:16Z",
        "address": 14,
        "remarks": "",
        "order": 58
    },
    "model": "express.expressorder",
    "pk": 53
},
{
    "fields": {
        "fee": "7.00",
        "weight": "1.00",
        "track_id": "V8152003329 ",
        "id_upload": true,
        "carrier": 9,
        "create_time": "2015-11-01T09:19:02Z",
        "address": 25,
        "remarks": "",
        "order": 59
    },
    "model": "express.expressorder",
    "pk": 54
},
{
    "fields": {
        "fee": "25.00",
        "weight": "2.40",
        "track_id": "V8152003330",
        "id_upload": true,
        "carrier": 9,
        "create_time": "2015-11-01T09:19:53Z",
        "address": 25,
        "remarks": "",
        "order": 59
    },
    "model": "express.expressorder",
    "pk": 55
},
{
    "fields": {
        "fee": "24.00",
        "weight": "3.70",
        "track_id": "ASL583242",
        "id_upload": true,
        "carrier": 1,
        "create_time": "2015-11-08T11:49:42Z",
        "address": 8,
        "remarks": "",
        "order": 63
    },
    "model": "express.expressorder",
    "pk": 56
},
{
    "fields": {
        "fee": "15.00",
        "weight": "2.30",
        "track_id": "ASL583207",
        "id_upload": true,
        "carrier": 1,
        "create_time": "2015-11-08T11:55:48Z",
        "address": 16,
        "remarks": "",
        "order": 60
    },
    "model": "express.expressorder",
    "pk": 57
},
{
    "fields": {
        "fee": "11.00",
        "weight": "1.70",
        "track_id": "ASL583209",
        "id_upload": true,
        "carrier": 1,
        "create_time": "2015-11-08T12:01:25Z",
        "address": 26,
        "remarks": "",
        "order": 62
    },
    "model": "express.expressorder",
    "pk": 58
},
{
    "fields": {
        "fee": "13.00",
        "weight": "2.00",
        "track_id": "ASL583208",
        "id_upload": true,
        "carrier": 1,
        "create_time": "2015-11-08T12:07:54Z",
        "address": 15,
        "remarks": "",
        "order": 61
    },
    "model": "express.expressorder",
    "pk": 59
},
{
    "fields": {
        "fee": "16.25",
        "weight": "2.50",
        "track_id": "ASL583241",
        "id_upload": true,
        "carrier": 1,
        "create_time": "2015-11-08T12:32:31Z",
        "address": 2,
        "remarks": "",
        "order": 55
    },
    "model": "express.expressorder",
    "pk": 60
},
{
    "fields": {
        "fee": null,
        "weight": null,
        "track_id": "N7P3098589010226",
        "id_upload": true,
        "carrier": 5,
        "create_time": "2015-11-10T23:14:17Z",
        "address": 1,
        "remarks": "http://www.transrush.com/Transport/LogisticsTransferTrace.aspx?code=DD151113661042",
        "order": 64
    },
    "model": "express.expressorder",
    "pk": 61
},
{
    "fields": {
        "fee": null,
        "weight": null,
        "track_id": "N7P3098588010227",
        "id_upload": true,
        "carrier": 5,
        "create_time": "2015-11-10T23:14:55Z",
        "address": 1,
        "remarks": "http://www.transrush.com/Transport/LogisticsTransferTrace.aspx?code=DD151113334632",
        "order": 64
    },
    "model": "express.expressorder",
    "pk": 62
},
{
    "fields": {
        "fee": null,
        "weight": null,
        "track_id": "N7P3098754010228",
        "id_upload": true,
        "carrier": 5,
        "create_time": "2015-11-10T23:15:31Z",
        "address": 1,
        "remarks": "http://www.transrush.com/Transport/LogisticsTransferTrace.aspx?code=DD151112135668",
        "order": 64
    },
    "model": "express.expressorder",
    "pk": 63
},
{
    "fields": {
        "fee": null,
        "weight": null,
        "track_id": "N7P3099050010226",
        "id_upload": true,
        "carrier": 5,
        "create_time": "2015-11-15T23:03:04Z",
        "address": 1,
        "remarks": "http://www.transrush.com/Transport/LogisticsTransferTrace.aspx?code=DD151116746273",
        "order": 64
    },
    "model": "express.expressorder",
    "pk": 64
},
{
    "fields": {
        "fee": null,
        "weight": null,
        "track_id": "DG45473",
        "id_upload": true,
        "carrier": 4,
        "create_time": "2015-11-17T23:36:44Z",
        "address": 27,
        "remarks": "",
        "order": 65
    },
    "model": "express.expressorder",
    "pk": 65
},
{
    "fields": {
        "fee": null,
        "weight": null,
        "track_id": "ne33347320544",
        "id_upload": true,
        "carrier": 6,
        "create_time": "2015-11-22T00:24:54Z",
        "address": 18,
        "remarks": "http://cx.11185.cn/?id=ne33347320544",
        "order": 67
    },
    "model": "express.expressorder",
    "pk": 66
},
{
    "fields": {
        "fee": "43.00",
        "weight": "8.60",
        "track_id": "H6000052725",
        "id_upload": true,
        "carrier": 9,
        "create_time": "2015-11-28T05:28:34Z",
        "address": 21,
        "remarks": "",
        "order": 68
    },
    "model": "express.expressorder",
    "pk": 67
},
{
    "fields": {
        "fee": "17.00",
        "weight": "2.60",
        "track_id": "AU680004651SE",
        "id_upload": true,
        "carrier": 1,
        "create_time": "2015-11-28T05:30:19Z",
        "address": 21,
        "remarks": "",
        "order": 68
    },
    "model": "express.expressorder",
    "pk": 68
},
{
    "fields": {
        "fee": "16.00",
        "weight": "2.50",
        "track_id": "AU680004648SE",
        "id_upload": true,
        "carrier": 1,
        "create_time": "2015-11-28T05:40:31Z",
        "address": 29,
        "remarks": "",
        "order": 69
    },
    "model": "express.expressorder",
    "pk": 69
},
{
    "fields": {
        "fee": "10.50",
        "weight": "1.60",
        "track_id": "AU680004642SE",
        "id_upload": true,
        "carrier": 1,
        "create_time": "2015-11-28T05:53:43Z",
        "address": 28,
        "remarks": "",
        "order": 70
    },
    "model": "express.expressorder",
    "pk": 70
},
{
    "fields": {
        "fee": "33.00",
        "weight": "6.50",
        "track_id": "H6000137278",
        "id_upload": true,
        "carrier": 9,
        "create_time": "2015-11-29T06:17:33Z",
        "address": 21,
        "remarks": "",
        "order": 71
    },
    "model": "express.expressorder",
    "pk": 71
},
{
    "fields": {
        "fee": null,
        "weight": null,
        "track_id": "AGSSDF80000750059",
        "id_upload": false,
        "carrier": 5,
        "create_time": "2015-11-30T02:38:36Z",
        "address": 1,
        "remarks": "https://tracking.i-parcel.com/Home/Index?trackingnumber=AGSSDF80000750059",
        "order": 72
    },
    "model": "express.expressorder",
    "pk": 72
},
{
    "fields": {
        "fee": "0.00",
        "weight": "0.00",
        "track_id": "XD33199AU",
        "id_upload": true,
        "carrier": 5,
        "create_time": "2015-12-02T09:14:59Z",
        "address": 17,
        "remarks": "http://track.xdexpress.com.au/?EmmisTrack=XD33199AU",
        "order": 74
    },
    "model": "express.expressorder",
    "pk": 73
},
{
    "fields": {
        "fee": null,
        "weight": null,
        "track_id": "DD151207861470",
        "id_upload": true,
        "carrier": 5,
        "create_time": "2015-12-07T07:07:30Z",
        "address": 21,
        "remarks": "http://www.transrush.com/Member/OrderDetail.aspx?orderCode=DD151207861470",
        "order": 73
    },
    "model": "express.expressorder",
    "pk": 74
},
{
    "fields": {
        "fee": null,
        "weight": null,
        "track_id": "XD68869AU",
        "id_upload": true,
        "carrier": 5,
        "create_time": "2015-12-08T06:31:06Z",
        "address": 6,
        "remarks": "http://track.xdexpress.com.au/?EmmisTrack=XD68869AU",
        "order": 77
    },
    "model": "express.expressorder",
    "pk": 75
},
{
    "fields": {
        "fee": null,
        "weight": null,
        "track_id": "XD68868AU",
        "id_upload": true,
        "carrier": 5,
        "create_time": "2015-12-08T06:31:50Z",
        "address": 6,
        "remarks": "http://track.xdexpress.com.au/?EmmisTrack=XD68868AU",
        "order": 77
    },
    "model": "express.expressorder",
    "pk": 76
},
{
    "fields": {
        "fee": "16.50",
        "weight": "2.50",
        "track_id": "V8152011513",
        "id_upload": true,
        "carrier": 9,
        "create_time": "2015-12-08T11:11:51Z",
        "address": 6,
        "remarks": "",
        "order": 75
    },
    "model": "express.expressorder",
    "pk": 77
},
{
    "fields": {
        "fee": "18.00",
        "weight": "2.80",
        "track_id": "V8152011512",
        "id_upload": true,
        "carrier": 9,
        "create_time": "2015-12-08T11:13:11Z",
        "address": 6,
        "remarks": "",
        "order": 75
    },
    "model": "express.expressorder",
    "pk": 78
},
{
    "fields": {
        "fee": null,
        "weight": null,
        "track_id": "XD56877AU",
        "id_upload": true,
        "carrier": 5,
        "create_time": "2015-12-08T11:14:21Z",
        "address": 6,
        "remarks": "http://track.xdexpress.com.au/?EmmisTrack=XD56877AU",
        "order": 76
    },
    "model": "express.expressorder",
    "pk": 79
},
{
    "fields": {
        "username": "luotao",
        "name": "luotao",
        "mobile": null,
        "is_active": true,
        "is_superuser": true,
        "is_staff": true,
        "last_login": "2015-12-08T11:04:32Z",
        "groups": [
            1
        ],
        "user_permissions": [],
        "password": "pbkdf2_sha256$12000$F4PyuDYR7eXC$tfzddI5dW6UAnMrSmTwqIr+2befI/nK5oeGvURVHMhw=",
        "email": "1@1.com",
        "date_joined": "2015-07-15T06:30:40Z"
    },
    "model": "member.seller",
    "pk": 1
},
{
    "fields": {
        "customer": 3,
        "status": "FINISHED",
        "ship_time": "2015-07-18T13:55:15Z",
        "total_amount": 6,
        "sell_price_rmb": "870.00",
        "finish_time": "2015-08-04T05:38:43Z",
        "product_cost_rmb": "475.20",
        "total_cost_aud": "145.50",
        "product_cost_aud": "99.00",
        "create_time": "2015-07-18T13:55:15Z",
        "profit_rmb": "171.60",
        "address": 2,
        "origin_sell_rmb": "870.00",
        "shipping_fee": "46.50",
        "total_cost_rmb": "698.40"
    },
    "model": "order.order",
    "pk": 3
},
{
    "fields": {
        "customer": 2,
        "status": "FINISHED",
        "ship_time": "2015-07-22T09:34:05Z",
        "total_amount": 6,
        "sell_price_rmb": "1000.00",
        "finish_time": "2015-08-04T05:35:33Z",
        "product_cost_rmb": "627.84",
        "total_cost_aud": "145.20",
        "product_cost_aud": "130.80",
        "create_time": "2015-07-20T13:02:42Z",
        "profit_rmb": "303.04",
        "address": 3,
        "origin_sell_rmb": "1040.00",
        "shipping_fee": "14.40",
        "total_cost_rmb": "696.96"
    },
    "model": "order.order",
    "pk": 6
},
{
    "fields": {
        "customer": 1,
        "status": "FINISHED",
        "ship_time": "2015-07-21T00:59:40Z",
        "total_amount": 1,
        "sell_price_rmb": "518.40",
        "finish_time": "2015-07-21T00:59:40Z",
        "product_cost_rmb": "475.20",
        "total_cost_aud": "108.00",
        "product_cost_aud": "99.00",
        "create_time": "2015-07-21T00:59:40Z",
        "profit_rmb": "0.00",
        "address": 1,
        "origin_sell_rmb": "456.00",
        "shipping_fee": "9.00",
        "total_cost_rmb": "518.40"
    },
    "model": "order.order",
    "pk": 7
},
{
    "fields": {
        "customer": 4,
        "status": "FINISHED",
        "ship_time": "2015-07-24T09:30:04Z",
        "total_amount": 4,
        "sell_price_rmb": "400.00",
        "finish_time": "2015-08-12T04:13:58Z",
        "product_cost_rmb": "158.40",
        "total_cost_aud": "41.00",
        "product_cost_aud": "33.00",
        "create_time": "2015-07-22T12:11:59Z",
        "profit_rmb": "203.20",
        "address": 4,
        "origin_sell_rmb": "400.00",
        "shipping_fee": "8.00",
        "total_cost_rmb": "196.80"
    },
    "model": "order.order",
    "pk": 8
},
{
    "fields": {
        "customer": 5,
        "status": "FINISHED",
        "ship_time": "2015-08-04T03:19:36Z",
        "total_amount": 6,
        "sell_price_rmb": "1060.00",
        "finish_time": "2015-08-20T05:38:21Z",
        "product_cost_rmb": "864.00",
        "total_cost_aud": "180.00",
        "product_cost_aud": "180.00",
        "create_time": "2015-08-04T03:18:45Z",
        "profit_rmb": "196.00",
        "address": 5,
        "origin_sell_rmb": "1056.00",
        "shipping_fee": "0.00",
        "total_cost_rmb": "864.00"
    },
    "model": "order.order",
    "pk": 9
},
{
    "fields": {
        "customer": 6,
        "status": "FINISHED",
        "ship_time": "2015-08-10T00:48:13Z",
        "total_amount": 24,
        "sell_price_rmb": "4240.00",
        "finish_time": "2015-08-20T05:38:24Z",
        "product_cost_rmb": "3456.00",
        "total_cost_aud": "720.00",
        "product_cost_aud": "720.00",
        "create_time": "2015-08-10T00:48:13Z",
        "profit_rmb": "784.00",
        "address": 6,
        "origin_sell_rmb": "4224.00",
        "shipping_fee": "0.00",
        "total_cost_rmb": "3456.00"
    },
    "model": "order.order",
    "pk": 10
},
{
    "fields": {
        "customer": 3,
        "status": "FINISHED",
        "ship_time": "2015-08-10T00:50:43Z",
        "total_amount": 6,
        "sell_price_rmb": "1080.00",
        "finish_time": "2015-08-20T05:38:26Z",
        "product_cost_rmb": "864.00",
        "total_cost_aud": "180.00",
        "product_cost_aud": "180.00",
        "create_time": "2015-08-10T00:50:43Z",
        "profit_rmb": "216.00",
        "address": 2,
        "origin_sell_rmb": "1062.00",
        "shipping_fee": "0.00",
        "total_cost_rmb": "864.00"
    },
    "model": "order.order",
    "pk": 11
},
{
    "fields": {
        "customer": 6,
        "status": "FINISHED",
        "ship_time": "2015-08-15T14:36:19Z",
        "total_amount": 16,
        "sell_price_rmb": "3100.00",
        "finish_time": "2015-09-09T05:29:08Z",
        "product_cost_rmb": "1996.80",
        "total_cost_aud": "440.00",
        "product_cost_aud": "416.00",
        "create_time": "2015-08-15T12:32:30Z",
        "profit_rmb": "988.00",
        "address": 6,
        "origin_sell_rmb": "3270.00",
        "shipping_fee": "24.00",
        "total_cost_rmb": "2112.00"
    },
    "model": "order.order",
    "pk": 12
},
{
    "fields": {
        "customer": 6,
        "status": "FINISHED",
        "ship_time": "2015-08-16T09:12:28Z",
        "total_amount": 8,
        "sell_price_rmb": "1700.00",
        "finish_time": "2015-09-09T05:29:05Z",
        "product_cost_rmb": "1118.40",
        "total_cost_aud": "240.20",
        "product_cost_aud": "233.00",
        "create_time": "2015-08-16T08:33:28Z",
        "profit_rmb": "547.04",
        "address": 6,
        "origin_sell_rmb": "1810.00",
        "shipping_fee": "7.20",
        "total_cost_rmb": "1152.96"
    },
    "model": "order.order",
    "pk": 13
},
{
    "fields": {
        "customer": 7,
        "status": "FINISHED",
        "ship_time": "2015-08-16T10:20:51Z",
        "total_amount": 20,
        "sell_price_rmb": "3200.00",
        "finish_time": "2015-08-31T00:11:38Z",
        "product_cost_rmb": "2068.80",
        "total_cost_aud": "460.50",
        "product_cost_aud": "431.00",
        "create_time": "2015-08-16T10:02:48Z",
        "profit_rmb": "989.60",
        "address": 8,
        "origin_sell_rmb": "3220.00",
        "shipping_fee": "29.50",
        "total_cost_rmb": "2210.40"
    },
    "model": "order.order",
    "pk": 14
},
{
    "fields": {
        "customer": 8,
        "status": "FINISHED",
        "ship_time": "2015-08-16T10:24:14Z",
        "total_amount": 6,
        "sell_price_rmb": "780.00",
        "finish_time": "2015-08-31T00:11:13Z",
        "product_cost_rmb": "518.40",
        "total_cost_aud": "114.50",
        "product_cost_aud": "108.00",
        "create_time": "2015-08-16T10:24:14Z",
        "profit_rmb": "230.40",
        "address": 9,
        "origin_sell_rmb": "780.00",
        "shipping_fee": "6.50",
        "total_cost_rmb": "549.60"
    },
    "model": "order.order",
    "pk": 15
},
{
    "fields": {
        "customer": 6,
        "status": "FINISHED",
        "ship_time": "2015-08-23T05:15:46Z",
        "total_amount": 6,
        "sell_price_rmb": "1070.00",
        "finish_time": "2015-09-09T05:29:10Z",
        "product_cost_rmb": "835.20",
        "total_cost_aud": "174.00",
        "product_cost_aud": "174.00",
        "create_time": "2015-08-23T05:14:16Z",
        "profit_rmb": "234.80",
        "address": 6,
        "origin_sell_rmb": "1074.00",
        "shipping_fee": "0.00",
        "total_cost_rmb": "835.20"
    },
    "model": "order.order",
    "pk": 20
},
{
    "fields": {
        "customer": 10,
        "status": "FINISHED",
        "ship_time": "2015-08-23T05:18:45Z",
        "total_amount": 1,
        "sell_price_rmb": "180.00",
        "finish_time": "2015-09-09T05:39:28Z",
        "product_cost_rmb": "96.00",
        "total_cost_aud": "28.00",
        "product_cost_aud": "20.00",
        "create_time": "2015-08-23T05:18:45Z",
        "profit_rmb": "45.60",
        "address": 13,
        "origin_sell_rmb": "180.00",
        "shipping_fee": "8.00",
        "total_cost_rmb": "134.40"
    },
    "model": "order.order",
    "pk": 21
},
{
    "fields": {
        "customer": 6,
        "status": "FINISHED",
        "ship_time": "2015-08-26T00:26:24Z",
        "total_amount": 6,
        "sell_price_rmb": "1120.00",
        "finish_time": "2015-09-09T05:39:26Z",
        "product_cost_rmb": "691.20",
        "total_cost_aud": "192.00",
        "product_cost_aud": "144.00",
        "create_time": "2015-08-26T00:26:24Z",
        "profit_rmb": "198.40",
        "address": 6,
        "origin_sell_rmb": "1122.00",
        "shipping_fee": "48.00",
        "total_cost_rmb": "921.60"
    },
    "model": "order.order",
    "pk": 23
},
{
    "fields": {
        "customer": 1,
        "status": "FINISHED",
        "ship_time": "2015-08-27T02:00:20Z",
        "total_amount": 1,
        "sell_price_rmb": "326.40",
        "finish_time": "2015-08-28T01:29:19Z",
        "product_cost_rmb": "283.20",
        "total_cost_aud": "68.00",
        "product_cost_aud": "59.00",
        "create_time": "2015-08-27T02:00:20Z",
        "profit_rmb": "0.00",
        "address": 1,
        "origin_sell_rmb": "3350.00",
        "shipping_fee": "9.00",
        "total_cost_rmb": "326.40"
    },
    "model": "order.order",
    "pk": 24
},
{
    "fields": {
        "customer": 11,
        "status": "FINISHED",
        "ship_time": "2015-08-28T03:03:55Z",
        "total_amount": 6,
        "sell_price_rmb": "1080.00",
        "finish_time": "2015-09-09T05:28:18Z",
        "product_cost_rmb": "662.40",
        "total_cost_aud": "198.00",
        "product_cost_aud": "138.00",
        "create_time": "2015-08-28T03:03:55Z",
        "profit_rmb": "129.60",
        "address": 14,
        "origin_sell_rmb": "1098.00",
        "shipping_fee": "60.00",
        "total_cost_rmb": "950.40"
    },
    "model": "order.order",
    "pk": 25
},
{
    "fields": {
        "customer": 3,
        "status": "FINISHED",
        "ship_time": "2015-09-03T04:57:26Z",
        "total_amount": 12,
        "sell_price_rmb": "2120.00",
        "finish_time": "2015-09-15T23:50:32Z",
        "product_cost_rmb": "1009.80",
        "total_cost_aud": "344.40",
        "product_cost_aud": "224.40",
        "create_time": "2015-09-03T04:56:28Z",
        "profit_rmb": "570.20",
        "address": 2,
        "origin_sell_rmb": "2124.00",
        "shipping_fee": "120.00",
        "total_cost_rmb": "1653.12"
    },
    "model": "order.order",
    "pk": 26
},
{
    "fields": {
        "customer": 12,
        "status": "FINISHED",
        "ship_time": "2015-09-22T23:47:38Z",
        "total_amount": 4,
        "sell_price_rmb": "900.00",
        "finish_time": "2015-09-24T23:37:07Z",
        "product_cost_rmb": "680.82",
        "total_cost_aud": "152.00",
        "product_cost_aud": "152.00",
        "create_time": "2015-09-07T01:31:20Z",
        "profit_rmb": "221.21",
        "address": 15,
        "origin_sell_rmb": "900.00",
        "shipping_fee": "0.00",
        "total_cost_rmb": "678.79"
    },
    "model": "order.order",
    "pk": 27
},
{
    "fields": {
        "customer": 6,
        "status": "FINISHED",
        "ship_time": "2015-09-20T10:27:44Z",
        "total_amount": 44,
        "sell_price_rmb": "4870.00",
        "finish_time": "2015-10-08T23:29:02Z",
        "product_cost_rmb": "2896.38",
        "total_cost_aud": "674.00",
        "product_cost_aud": "628.50",
        "create_time": "2015-09-07T04:18:28Z",
        "profit_rmb": "1769.60",
        "address": 6,
        "origin_sell_rmb": "4870.00",
        "shipping_fee": "45.50",
        "total_cost_rmb": "3100.40"
    },
    "model": "order.order",
    "pk": 28
},
{
    "fields": {
        "customer": 13,
        "status": "FINISHED",
        "ship_time": "2015-09-29T10:28:21Z",
        "total_amount": 2,
        "sell_price_rmb": "720.00",
        "finish_time": "2015-10-01T17:01:16Z",
        "product_cost_rmb": "616.29",
        "total_cost_aud": "140.00",
        "product_cost_aud": "138.00",
        "create_time": "2015-09-07T05:23:22Z",
        "profit_rmb": "98.85",
        "address": 16,
        "origin_sell_rmb": "720.00",
        "shipping_fee": "2.00",
        "total_cost_rmb": "621.15"
    },
    "model": "order.order",
    "pk": 32
},
{
    "fields": {
        "customer": 14,
        "status": "FINISHED",
        "ship_time": "2015-09-11T01:30:39Z",
        "total_amount": 6,
        "sell_price_rmb": "1150.00",
        "finish_time": "2015-09-24T04:44:27Z",
        "product_cost_rmb": "643.06",
        "total_cost_aud": "199.00",
        "product_cost_aud": "144.00",
        "create_time": "2015-09-11T01:30:39Z",
        "profit_rmb": "261.33",
        "address": 17,
        "origin_sell_rmb": "930.00",
        "shipping_fee": "55.00",
        "total_cost_rmb": "955.20"
    },
    "model": "order.order",
    "pk": 33
},
{
    "fields": {
        "customer": 11,
        "status": "FINISHED",
        "ship_time": "2015-09-13T07:05:33Z",
        "total_amount": 12,
        "sell_price_rmb": "1000.00",
        "finish_time": "2015-09-28T11:52:33Z",
        "product_cost_rmb": "470.88",
        "total_cost_aud": "133.50",
        "product_cost_aud": "105.50",
        "create_time": "2015-09-13T07:05:33Z",
        "profit_rmb": "399.25",
        "address": 14,
        "origin_sell_rmb": "1010.00",
        "shipping_fee": "28.00",
        "total_cost_rmb": "600.75"
    },
    "model": "order.order",
    "pk": 34
},
{
    "fields": {
        "customer": 9,
        "status": "FINISHED",
        "ship_time": "2015-09-13T07:57:08Z",
        "total_amount": 8,
        "sell_price_rmb": "680.00",
        "finish_time": "2015-09-29T07:33:59Z",
        "product_cost_rmb": "475.62",
        "total_cost_aud": "129.60",
        "product_cost_aud": "107.60",
        "create_time": "2015-09-13T07:57:08Z",
        "profit_rmb": "96.80",
        "address": 11,
        "origin_sell_rmb": "680.00",
        "shipping_fee": "22.00",
        "total_cost_rmb": "583.20"
    },
    "model": "order.order",
    "pk": 35
},
{
    "fields": {
        "customer": 5,
        "status": "FINISHED",
        "ship_time": "2015-09-14T04:57:46Z",
        "total_amount": 6,
        "sell_price_rmb": "1080.00",
        "finish_time": "2015-09-28T11:52:54Z",
        "product_cost_rmb": "589.16",
        "total_cost_aud": "187.00",
        "product_cost_aud": "132.00",
        "create_time": "2015-09-14T04:28:30Z",
        "profit_rmb": "238.50",
        "address": 5,
        "origin_sell_rmb": "1080.00",
        "shipping_fee": "55.00",
        "total_cost_rmb": "841.50"
    },
    "model": "order.order",
    "pk": 36
},
{
    "fields": {
        "customer": 15,
        "status": "FINISHED",
        "ship_time": null,
        "total_amount": 4,
        "sell_price_rmb": "562.50",
        "finish_time": "2015-10-08T01:49:55Z",
        "product_cost_rmb": "412.22",
        "total_cost_aud": "90.00",
        "product_cost_aud": "90.00",
        "create_time": "2015-09-16T00:55:35Z",
        "profit_rmb": "157.50",
        "address": null,
        "origin_sell_rmb": "670.00",
        "shipping_fee": "0.00",
        "total_cost_rmb": "405.00"
    },
    "model": "order.order",
    "pk": 38
},
{
    "fields": {
        "customer": 16,
        "status": "FINISHED",
        "ship_time": null,
        "total_amount": 27,
        "sell_price_rmb": "12900.00",
        "finish_time": "2015-09-29T07:35:53Z",
        "product_cost_rmb": "11799.55",
        "total_cost_aud": "2669.40",
        "product_cost_aud": "2669.40",
        "create_time": "2015-09-18T14:15:01Z",
        "profit_rmb": "946.96",
        "address": null,
        "origin_sell_rmb": "13040.00",
        "shipping_fee": "0.00",
        "total_cost_rmb": "11953.04"
    },
    "model": "order.order",
    "pk": 39
},
{
    "fields": {
        "customer": 12,
        "status": "FINISHED",
        "ship_time": "2015-09-19T09:31:32Z",
        "total_amount": 5,
        "sell_price_rmb": "780.00",
        "finish_time": "2015-10-09T03:20:00Z",
        "product_cost_rmb": "433.61",
        "total_cost_aud": "100.50",
        "product_cost_aud": "94.00",
        "create_time": "2015-09-18T15:38:48Z",
        "profit_rmb": "327.75",
        "address": 15,
        "origin_sell_rmb": "780.00",
        "shipping_fee": "6.50",
        "total_cost_rmb": "452.25"
    },
    "model": "order.order",
    "pk": 40
},
{
    "fields": {
        "customer": 7,
        "status": "FINISHED",
        "ship_time": "2015-09-20T10:04:21Z",
        "total_amount": 23,
        "sell_price_rmb": "2800.00",
        "finish_time": "2015-10-09T03:12:28Z",
        "product_cost_rmb": "1992.77",
        "total_cost_aud": "452.10",
        "product_cost_aud": "432.00",
        "create_time": "2015-09-20T07:57:56Z",
        "profit_rmb": "720.34",
        "address": 8,
        "origin_sell_rmb": "2850.00",
        "shipping_fee": "20.10",
        "total_cost_rmb": "2079.66"
    },
    "model": "order.order",
    "pk": 41
},
{
    "fields": {
        "customer": 17,
        "status": "FINISHED",
        "ship_time": "2015-09-20T10:30:40Z",
        "total_amount": 13,
        "sell_price_rmb": "1776.06",
        "finish_time": "2015-10-05T06:20:17Z",
        "product_cost_rmb": "1492.21",
        "total_cost_aud": "386.10",
        "product_cost_aud": "332.80",
        "create_time": "2015-09-20T10:29:38Z",
        "profit_rmb": "0.00",
        "address": 18,
        "origin_sell_rmb": "2835.00",
        "shipping_fee": "53.30",
        "total_cost_rmb": "1776.06"
    },
    "model": "order.order",
    "pk": 42
},
{
    "fields": {
        "customer": 11,
        "status": "FINISHED",
        "ship_time": "2015-10-08T23:28:21Z",
        "total_amount": 1,
        "sell_price_rmb": "1080.00",
        "finish_time": "2015-10-20T23:40:41Z",
        "product_cost_rmb": "875.86",
        "total_cost_aud": "190.00",
        "product_cost_aud": "190.00",
        "create_time": "2015-10-08T11:21:48Z",
        "profit_rmb": "204.40",
        "address": 14,
        "origin_sell_rmb": "1080.00",
        "shipping_fee": "0.00",
        "total_cost_rmb": "875.60"
    },
    "model": "order.order",
    "pk": 43
},
{
    "fields": {
        "customer": 6,
        "status": "FINISHED",
        "ship_time": "2015-10-08T11:24:43Z",
        "total_amount": 2,
        "sell_price_rmb": "2000.00",
        "finish_time": "2015-11-03T01:59:22Z",
        "product_cost_rmb": "1748.75",
        "total_cost_aud": "385.00",
        "product_cost_aud": "385.00",
        "create_time": "2015-10-08T11:23:34Z",
        "profit_rmb": "223.80",
        "address": 6,
        "origin_sell_rmb": "2000.00",
        "shipping_fee": "0.00",
        "total_cost_rmb": "1776.20"
    },
    "model": "order.order",
    "pk": 44
},
{
    "fields": {
        "customer": 7,
        "status": "FINISHED",
        "ship_time": "2015-10-11T09:17:05Z",
        "total_amount": 6,
        "sell_price_rmb": "1080.00",
        "finish_time": "2015-11-03T01:59:39Z",
        "product_cost_rmb": "681.33",
        "total_cost_aud": "210.00",
        "product_cost_aud": "150.00",
        "create_time": "2015-10-10T11:26:50Z",
        "profit_rmb": "102.60",
        "address": 19,
        "origin_sell_rmb": "810.00",
        "shipping_fee": "60.00",
        "total_cost_rmb": "977.40"
    },
    "model": "order.order",
    "pk": 45
},
{
    "fields": {
        "customer": 7,
        "status": "FINISHED",
        "ship_time": "2015-10-11T09:20:24Z",
        "total_amount": 2,
        "sell_price_rmb": "450.00",
        "finish_time": "2015-10-25T09:17:09Z",
        "product_cost_rmb": "302.50",
        "total_cost_aud": "86.00",
        "product_cost_aud": "66.00",
        "create_time": "2015-10-10T11:28:31Z",
        "profit_rmb": "49.73",
        "address": 20,
        "origin_sell_rmb": "480.00",
        "shipping_fee": "20.00",
        "total_cost_rmb": "400.27"
    },
    "model": "order.order",
    "pk": 47
},
{
    "fields": {
        "customer": 6,
        "status": "FINISHED",
        "ship_time": "2015-10-13T01:18:28Z",
        "total_amount": 1,
        "sell_price_rmb": "1130.00",
        "finish_time": "2015-10-27T12:57:55Z",
        "product_cost_rmb": "994.87",
        "total_cost_aud": "216.00",
        "product_cost_aud": "216.00",
        "create_time": "2015-10-12T12:28:22Z",
        "profit_rmb": "129.21",
        "address": 6,
        "origin_sell_rmb": "1130.00",
        "shipping_fee": "0.00",
        "total_cost_rmb": "1000.79"
    },
    "model": "order.order",
    "pk": 48
},
{
    "fields": {
        "customer": 6,
        "status": "FINISHED",
        "ship_time": "2015-10-14T23:29:10Z",
        "total_amount": 3,
        "sell_price_rmb": "3390.00",
        "finish_time": "2015-11-03T01:59:41Z",
        "product_cost_rmb": "2943.35",
        "total_cost_aud": "648.00",
        "product_cost_aud": "648.00",
        "create_time": "2015-10-12T12:28:47Z",
        "profit_rmb": "385.68",
        "address": 6,
        "origin_sell_rmb": "3390.00",
        "shipping_fee": "0.00",
        "total_cost_rmb": "3004.32"
    },
    "model": "order.order",
    "pk": 49
},
{
    "fields": {
        "customer": 6,
        "status": "FINISHED",
        "ship_time": "2015-10-14T04:40:48Z",
        "total_amount": 1,
        "sell_price_rmb": "1130.00",
        "finish_time": "2015-10-22T23:43:28Z",
        "product_cost_rmb": "871.57",
        "total_cost_aud": "190.00",
        "product_cost_aud": "190.00",
        "create_time": "2015-10-14T04:40:48Z",
        "profit_rmb": "258.03",
        "address": 6,
        "origin_sell_rmb": "1130.00",
        "shipping_fee": "0.00",
        "total_cost_rmb": "871.97"
    },
    "model": "order.order",
    "pk": 50
},
{
    "fields": {
        "customer": 18,
        "status": "FINISHED",
        "ship_time": "2015-10-29T00:31:01Z",
        "total_amount": 2,
        "sell_price_rmb": "1600.00",
        "finish_time": "2015-11-13T01:07:50Z",
        "product_cost_rmb": "1328.78",
        "total_cost_aud": "351.00",
        "product_cost_aud": "297.00",
        "create_time": "2015-10-20T23:47:59Z",
        "profit_rmb": "29.63",
        "address": 21,
        "origin_sell_rmb": "1600.00",
        "shipping_fee": "54.00",
        "total_cost_rmb": "1570.37"
    },
    "model": "order.order",
    "pk": 51
},
{
    "fields": {
        "customer": 6,
        "status": "FINISHED",
        "ship_time": "2015-10-26T02:37:16Z",
        "total_amount": 2,
        "sell_price_rmb": "2200.00",
        "finish_time": "2015-11-16T23:30:19Z",
        "product_cost_rmb": "1953.12",
        "total_cost_aud": "432.00",
        "product_cost_aud": "432.00",
        "create_time": "2015-10-26T02:37:16Z",
        "profit_rmb": "249.13",
        "address": 6,
        "origin_sell_rmb": "2200.00",
        "shipping_fee": "0.00",
        "total_cost_rmb": "1950.87"
    },
    "model": "order.order",
    "pk": 52
},
{
    "fields": {
        "customer": 19,
        "status": "FINISHED",
        "ship_time": "2015-11-01T02:59:43Z",
        "total_amount": 4,
        "sell_price_rmb": "720.00",
        "finish_time": "2015-11-11T23:34:14Z",
        "product_cost_rmb": "478.72",
        "total_cost_aud": "115.50",
        "product_cost_aud": "107.00",
        "create_time": "2015-10-27T03:57:29Z",
        "profit_rmb": "199.38",
        "address": 24,
        "origin_sell_rmb": "710.00",
        "shipping_fee": "8.50",
        "total_cost_rmb": "520.62"
    },
    "model": "order.order",
    "pk": 53
},
{
    "fields": {
        "customer": 3,
        "status": "FINISHED",
        "ship_time": "2015-11-08T12:32:31Z",
        "total_amount": 5,
        "sell_price_rmb": "560.00",
        "finish_time": "2015-11-23T23:58:48Z",
        "product_cost_rmb": "339.90",
        "total_cost_aud": "90.25",
        "product_cost_aud": "74.00",
        "create_time": "2015-10-28T05:09:49Z",
        "profit_rmb": "156.22",
        "address": 2,
        "origin_sell_rmb": "560.00",
        "shipping_fee": "16.25",
        "total_cost_rmb": "403.78"
    },
    "model": "order.order",
    "pk": 55
},
{
    "fields": {
        "customer": 11,
        "status": "FINISHED",
        "ship_time": "2015-11-01T04:13:39Z",
        "total_amount": 3,
        "sell_price_rmb": "3480.00",
        "finish_time": "2015-11-29T01:04:57Z",
        "product_cost_rmb": "2731.33",
        "total_cost_aud": "594.00",
        "product_cost_aud": "594.00",
        "create_time": "2015-11-01T04:12:07Z",
        "profit_rmb": "802.54",
        "address": 14,
        "origin_sell_rmb": "3480.00",
        "shipping_fee": "0.00",
        "total_cost_rmb": "2677.46"
    },
    "model": "order.order",
    "pk": 56
},
{
    "fields": {
        "customer": 11,
        "status": "FINISHED",
        "ship_time": "2015-11-01T04:15:05Z",
        "total_amount": 2,
        "sell_price_rmb": "2320.00",
        "finish_time": "2015-11-29T01:02:30Z",
        "product_cost_rmb": "1912.85",
        "total_cost_aud": "416.00",
        "product_cost_aud": "416.00",
        "create_time": "2015-11-01T04:15:05Z",
        "profit_rmb": "444.88",
        "address": 14,
        "origin_sell_rmb": "2320.00",
        "shipping_fee": "0.00",
        "total_cost_rmb": "1875.12"
    },
    "model": "order.order",
    "pk": 57
},
{
    "fields": {
        "customer": 11,
        "status": "FINISHED",
        "ship_time": "2015-11-01T04:30:16Z",
        "total_amount": 3,
        "sell_price_rmb": "700.00",
        "finish_time": "2015-11-11T23:34:47Z",
        "product_cost_rmb": "478.72",
        "total_cost_aud": "114.00",
        "product_cost_aud": "107.00",
        "create_time": "2015-11-01T04:28:54Z",
        "profit_rmb": "186.14",
        "address": 14,
        "origin_sell_rmb": "720.00",
        "shipping_fee": "7.00",
        "total_cost_rmb": "513.86"
    },
    "model": "order.order",
    "pk": 58
},
{
    "fields": {
        "customer": 20,
        "status": "FINISHED",
        "ship_time": "2015-11-01T09:19:53Z",
        "total_amount": 9,
        "sell_price_rmb": "540.00",
        "finish_time": "2015-11-12T23:16:13Z",
        "product_cost_rmb": "308.71",
        "total_cost_aud": "101.00",
        "product_cost_aud": "69.00",
        "create_time": "2015-11-01T09:13:14Z",
        "profit_rmb": "81.80",
        "address": 25,
        "origin_sell_rmb": "540.00",
        "shipping_fee": "32.00",
        "total_cost_rmb": "458.20"
    },
    "model": "order.order",
    "pk": 59
},
{
    "fields": {
        "customer": 13,
        "status": "FINISHED",
        "ship_time": "2015-11-08T11:55:48Z",
        "total_amount": 7,
        "sell_price_rmb": "1220.00",
        "finish_time": "2015-11-23T23:58:26Z",
        "product_cost_rmb": "879.60",
        "total_cost_aud": "206.50",
        "product_cost_aud": "191.50",
        "create_time": "2015-11-01T09:21:10Z",
        "profit_rmb": "296.12",
        "address": 16,
        "origin_sell_rmb": "1255.00",
        "shipping_fee": "15.00",
        "total_cost_rmb": "923.88"
    },
    "model": "order.order",
    "pk": 60
},
{
    "fields": {
        "customer": 12,
        "status": "FINISHED",
        "ship_time": "2015-11-08T12:07:54Z",
        "total_amount": 10,
        "sell_price_rmb": "660.00",
        "finish_time": "2015-11-23T23:58:22Z",
        "product_cost_rmb": "364.70",
        "total_cost_aud": "92.40",
        "product_cost_aud": "79.40",
        "create_time": "2015-11-05T04:22:37Z",
        "profit_rmb": "246.60",
        "address": 15,
        "origin_sell_rmb": "660.00",
        "shipping_fee": "13.00",
        "total_cost_rmb": "413.40"
    },
    "model": "order.order",
    "pk": 61
},
{
    "fields": {
        "customer": 17,
        "status": "FINISHED",
        "ship_time": "2015-11-08T12:01:25Z",
        "total_amount": 3,
        "sell_price_rmb": "480.00",
        "finish_time": "2015-11-23T23:58:18Z",
        "product_cost_rmb": "303.15",
        "total_cost_aud": "77.00",
        "product_cost_aud": "66.00",
        "create_time": "2015-11-07T22:12:47Z",
        "profit_rmb": "135.50",
        "address": 18,
        "origin_sell_rmb": "480.00",
        "shipping_fee": "11.00",
        "total_cost_rmb": "344.50"
    },
    "model": "order.order",
    "pk": 62
},
{
    "fields": {
        "customer": 7,
        "status": "FINISHED",
        "ship_time": "2015-11-08T11:49:42Z",
        "total_amount": 18,
        "sell_price_rmb": "2030.00",
        "finish_time": "2015-11-23T23:58:13Z",
        "product_cost_rmb": "1382.55",
        "total_cost_aud": "325.00",
        "product_cost_aud": "301.00",
        "create_time": "2015-11-08T11:43:25Z",
        "profit_rmb": "575.95",
        "address": 8,
        "origin_sell_rmb": "2030.00",
        "shipping_fee": "24.00",
        "total_cost_rmb": "1454.05"
    },
    "model": "order.order",
    "pk": 63
},
{
    "fields": {
        "customer": 18,
        "status": "FINISHED",
        "ship_time": "2015-11-15T23:03:04Z",
        "total_amount": 4,
        "sell_price_rmb": "3007.03",
        "finish_time": "2015-11-29T23:11:38Z",
        "product_cost_rmb": "3034.55",
        "total_cost_aud": "660.00",
        "product_cost_aud": "660.00",
        "create_time": "2015-11-08T11:46:48Z",
        "profit_rmb": "0.00",
        "address": 21,
        "origin_sell_rmb": "3800.00",
        "shipping_fee": "0.00",
        "total_cost_rmb": "3007.03"
    },
    "model": "order.order",
    "pk": 64
},
{
    "fields": {
        "customer": 21,
        "status": "FINISHED",
        "ship_time": "2015-11-17T23:36:44Z",
        "total_amount": 1,
        "sell_price_rmb": "1100.00",
        "finish_time": "2015-12-03T23:29:52Z",
        "product_cost_rmb": "958.29",
        "total_cost_aud": "204.00",
        "product_cost_aud": "204.00",
        "create_time": "2015-11-17T10:05:46Z",
        "profit_rmb": "174.35",
        "address": 27,
        "origin_sell_rmb": "1100.00",
        "shipping_fee": "0.00",
        "total_cost_rmb": "925.65"
    },
    "model": "order.order",
    "pk": 65
},
{
    "fields": {
        "customer": 17,
        "status": "FINISHED",
        "ship_time": "2015-11-22T00:24:54Z",
        "total_amount": 1,
        "sell_price_rmb": "4.62",
        "finish_time": "2015-11-29T00:58:56Z",
        "product_cost_rmb": "4.60",
        "total_cost_aud": "1.00",
        "product_cost_aud": "1.00",
        "create_time": "2015-11-22T00:24:54Z",
        "profit_rmb": "0.03",
        "address": 18,
        "origin_sell_rmb": "1.00",
        "shipping_fee": "0.00",
        "total_cost_rmb": "4.59"
    },
    "model": "order.order",
    "pk": 67
},
{
    "fields": {
        "customer": 18,
        "status": "SHIPPING",
        "ship_time": "2015-11-28T05:30:19Z",
        "total_amount": 16,
        "sell_price_rmb": "4800.00",
        "finish_time": "2015-11-27T04:10:27Z",
        "product_cost_rmb": "3274.15",
        "total_cost_aud": "763.00",
        "product_cost_aud": "703.00",
        "create_time": "2015-11-27T04:10:27Z",
        "profit_rmb": "1291.57",
        "address": 21,
        "origin_sell_rmb": "4900.00",
        "shipping_fee": "60.00",
        "total_cost_rmb": "3508.43"
    },
    "model": "order.order",
    "pk": 68
},
{
    "fields": {
        "customer": 23,
        "status": "SHIPPING",
        "ship_time": "2015-11-28T05:40:31Z",
        "total_amount": 2,
        "sell_price_rmb": "400.00",
        "finish_time": "2015-11-28T05:40:31Z",
        "product_cost_rmb": "251.50",
        "total_cost_aud": "70.00",
        "product_cost_aud": "54.00",
        "create_time": "2015-11-28T05:40:31Z",
        "profit_rmb": "78.13",
        "address": 29,
        "origin_sell_rmb": "800.00",
        "shipping_fee": "16.00",
        "total_cost_rmb": "321.87"
    },
    "model": "order.order",
    "pk": 69
},
{
    "fields": {
        "customer": 22,
        "status": "SHIPPING",
        "ship_time": "2015-11-28T05:53:43Z",
        "total_amount": 5,
        "sell_price_rmb": "920.00",
        "finish_time": "2015-11-28T05:42:02Z",
        "product_cost_rmb": "605.46",
        "total_cost_aud": "140.50",
        "product_cost_aud": "130.00",
        "create_time": "2015-11-28T05:42:02Z",
        "profit_rmb": "273.95",
        "address": 28,
        "origin_sell_rmb": "960.00",
        "shipping_fee": "10.50",
        "total_cost_rmb": "646.05"
    },
    "model": "order.order",
    "pk": 70
},
{
    "fields": {
        "customer": 18,
        "status": "SHIPPING",
        "ship_time": "2015-11-29T06:17:33Z",
        "total_amount": 6,
        "sell_price_rmb": "600.00",
        "finish_time": "2015-11-29T06:15:48Z",
        "product_cost_rmb": "312.05",
        "total_cost_aud": "100.00",
        "product_cost_aud": "67.00",
        "create_time": "2015-11-29T06:15:48Z",
        "profit_rmb": "140.18",
        "address": 21,
        "origin_sell_rmb": "660.00",
        "shipping_fee": "33.00",
        "total_cost_rmb": "459.82"
    },
    "model": "order.order",
    "pk": 71
},
{
    "fields": {
        "customer": 1,
        "status": "SHIPPING",
        "ship_time": "2015-11-30T02:38:36Z",
        "total_amount": 0,
        "sell_price_rmb": "0.00",
        "finish_time": "2015-11-30T02:38:36Z",
        "product_cost_rmb": "0.00",
        "total_cost_aud": "0.00",
        "product_cost_aud": "0.00",
        "create_time": "2015-11-30T02:38:36Z",
        "profit_rmb": "0.00",
        "address": 1,
        "origin_sell_rmb": "0.00",
        "shipping_fee": "0.00",
        "total_cost_rmb": "0.00"
    },
    "model": "order.order",
    "pk": 72
},
{
    "fields": {
        "customer": 18,
        "status": "SHIPPING",
        "ship_time": "2015-12-07T07:07:30Z",
        "total_amount": 1,
        "sell_price_rmb": "800.00",
        "finish_time": "2015-12-01T23:16:43Z",
        "product_cost_rmb": "652.04",
        "total_cost_aud": "140.00",
        "product_cost_aud": "140.00",
        "create_time": "2015-12-01T23:16:43Z",
        "profit_rmb": "147.96",
        "address": 21,
        "origin_sell_rmb": "800.00",
        "shipping_fee": "0.00",
        "total_cost_rmb": "652.04"
    },
    "model": "order.order",
    "pk": 73
},
{
    "fields": {
        "customer": 14,
        "status": "SHIPPING",
        "ship_time": "2015-12-02T09:14:59Z",
        "total_amount": 1,
        "sell_price_rmb": "1350.00",
        "finish_time": "2015-12-02T09:14:59Z",
        "product_cost_rmb": "1234.21",
        "total_cost_aud": "265.00",
        "product_cost_aud": "265.00",
        "create_time": "2015-12-02T09:14:59Z",
        "profit_rmb": "113.56",
        "address": 17,
        "origin_sell_rmb": "1350.00",
        "shipping_fee": "0.00",
        "total_cost_rmb": "1236.44"
    },
    "model": "order.order",
    "pk": 74
},
{
    "fields": {
        "customer": 6,
        "status": "CREATED",
        "ship_time": "2015-12-08T11:13:11Z",
        "total_amount": 15,
        "sell_price_rmb": "2140.00",
        "finish_time": "2015-12-07T03:06:35Z",
        "product_cost_rmb": "1354.42",
        "total_cost_aud": "327.00",
        "product_cost_aud": "292.50",
        "create_time": "2015-12-07T03:06:35Z",
        "profit_rmb": "625.83",
        "address": 6,
        "origin_sell_rmb": "2320.00",
        "shipping_fee": "34.50",
        "total_cost_rmb": "1514.17"
    },
    "model": "order.order",
    "pk": 75
},
{
    "fields": {
        "customer": 6,
        "status": "CREATED",
        "ship_time": "2015-12-08T11:14:21Z",
        "total_amount": 1,
        "sell_price_rmb": "1400.00",
        "finish_time": "2015-12-07T07:28:30Z",
        "product_cost_rmb": "1296.54",
        "total_cost_aud": "280.00",
        "product_cost_aud": "280.00",
        "create_time": "2015-12-07T07:28:30Z",
        "profit_rmb": "103.46",
        "address": 6,
        "origin_sell_rmb": "1400.00",
        "shipping_fee": "0.00",
        "total_cost_rmb": "1296.54"
    },
    "model": "order.order",
    "pk": 76
},
{
    "fields": {
        "customer": 6,
        "status": "CREATED",
        "ship_time": "2015-12-08T06:31:50Z",
        "total_amount": 2,
        "sell_price_rmb": "2400.00",
        "finish_time": "2015-12-07T07:29:38Z",
        "product_cost_rmb": "2130.03",
        "total_cost_aud": "460.00",
        "product_cost_aud": "460.00",
        "create_time": "2015-12-07T07:29:38Z",
        "profit_rmb": "269.97",
        "address": 6,
        "origin_sell_rmb": "2400.00",
        "shipping_fee": "0.00",
        "total_cost_rmb": "2130.03"
    },
    "model": "order.order",
    "pk": 77
},
{
    "fields": {
        "product": 2,
        "total_price_rmb": "440.00",
        "sell_price_rmb": "110.00",
        "cost_price_aud": "11.00",
        "total_price_aud": "44.00",
        "amount": 4,
        "create_time": "2015-07-18T13:55:15Z",
        "order": 3,
        "store": 5,
        "name": "\u5fb7\u8fd0\u6210\u4eba\u5168\u8102\u5976\u7c89 1kg"
    },
    "model": "order.orderproduct",
    "pk": 2
},
{
    "fields": {
        "product": 3,
        "total_price_rmb": "170.00",
        "sell_price_rmb": "170.00",
        "cost_price_aud": "30.00",
        "total_price_aud": "30.00",
        "amount": 1,
        "create_time": "2015-07-18T13:55:15Z",
        "order": 3,
        "store": 2,
        "name": "Hairdresser\u5934\u53d1\u8425\u517b\u7d20 women"
    },
    "model": "order.orderproduct",
    "pk": 3
},
{
    "fields": {
        "product": 4,
        "total_price_rmb": "260.00",
        "sell_price_rmb": "260.00",
        "cost_price_aud": "25.00",
        "total_price_aud": "25.00",
        "amount": 1,
        "create_time": "2015-07-18T13:55:15Z",
        "order": 3,
        "store": 6,
        "name": "\u81b3\u9b54\u5e08\u4fdd\u6e29\u76d2470ml"
    },
    "model": "order.orderproduct",
    "pk": 4
},
{
    "fields": {
        "product": 5,
        "total_price_rmb": "360.00",
        "sell_price_rmb": "180.00",
        "cost_price_aud": "22.00",
        "total_price_aud": "44.00",
        "amount": 2,
        "create_time": "2015-07-20T13:02:42Z",
        "order": 6,
        "store": null,
        "name": "Nature's Way \u7ed3\u80a0\u5eb7 30\u7c92"
    },
    "model": "order.orderproduct",
    "pk": 7
},
{
    "fields": {
        "product": 7,
        "total_price_rmb": "300.00",
        "sell_price_rmb": "150.00",
        "cost_price_aud": "15.40",
        "total_price_aud": "30.80",
        "amount": 2,
        "create_time": "2015-07-20T13:02:42Z",
        "order": 6,
        "store": null,
        "name": "Blackmores \u84dd\u8393\u7d20\u62a4\u773c\u7247 30\u7247"
    },
    "model": "order.orderproduct",
    "pk": 8
},
{
    "fields": {
        "product": 8,
        "total_price_rmb": "220.00",
        "sell_price_rmb": "220.00",
        "cost_price_aud": "35.00",
        "total_price_aud": "35.00",
        "amount": 1,
        "create_time": "2015-07-20T13:02:42Z",
        "order": 6,
        "store": null,
        "name": "Comvita UMF 5+ \u9ea6\u5362\u5361\u8702\u871c 500g"
    },
    "model": "order.orderproduct",
    "pk": 9
},
{
    "fields": {
        "product": 6,
        "total_price_rmb": "160.00",
        "sell_price_rmb": "160.00",
        "cost_price_aud": "21.00",
        "total_price_aud": "21.00",
        "amount": 1,
        "create_time": "2015-07-20T13:02:42Z",
        "order": 6,
        "store": null,
        "name": "Swisse \u6708\u89c1\u8349 200\u7c92"
    },
    "model": "order.orderproduct",
    "pk": 10
},
{
    "fields": {
        "product": null,
        "total_price_rmb": "456.00",
        "sell_price_rmb": "456.00",
        "cost_price_aud": "99.00",
        "total_price_aud": "99.00",
        "amount": 1,
        "create_time": "2015-07-21T00:59:40Z",
        "order": 7,
        "store": null,
        "name": "Seagate NAS 3TB"
    },
    "model": "order.orderproduct",
    "pk": 11
},
{
    "fields": {
        "product": 9,
        "total_price_rmb": "70.00",
        "sell_price_rmb": "70.00",
        "cost_price_aud": "6.60",
        "total_price_aud": "6.60",
        "amount": 1,
        "create_time": "2015-07-22T12:11:59Z",
        "order": 8,
        "store": null,
        "name": "Sukin \u6709\u673a\u6d01\u9762\u6ce1\u6cab\u6d17\u9762\u5976  125ml"
    },
    "model": "order.orderproduct",
    "pk": 12
},
{
    "fields": {
        "product": 10,
        "total_price_rmb": "220.00",
        "sell_price_rmb": "110.00",
        "cost_price_aud": "8.25",
        "total_price_aud": "16.50",
        "amount": 2,
        "create_time": "2015-07-22T12:11:59Z",
        "order": 8,
        "store": null,
        "name": "Sukin \u5929\u7136\u4fdd\u6e7f\u55b7\u96fe\u723d\u80a4\u6c34  125ml"
    },
    "model": "order.orderproduct",
    "pk": 13
},
{
    "fields": {
        "product": 11,
        "total_price_rmb": "110.00",
        "sell_price_rmb": "110.00",
        "cost_price_aud": "9.90",
        "total_price_aud": "9.90",
        "amount": 1,
        "create_time": "2015-07-22T12:11:59Z",
        "order": 8,
        "store": null,
        "name": "Sukin \u5929\u7136\u4fdd\u6e7f\u4e73\u6db2\u9762\u971c  125ml"
    },
    "model": "order.orderproduct",
    "pk": 14
},
{
    "fields": {
        "product": 28,
        "total_price_rmb": "1056.00",
        "sell_price_rmb": "176.00",
        "cost_price_aud": "30.00",
        "total_price_aud": "180.00",
        "amount": 6,
        "create_time": "2015-08-04T03:18:45Z",
        "order": 9,
        "store": 7,
        "name": "Bellamy \u8d1d\u62c9\u7c733\u6bb5 "
    },
    "model": "order.orderproduct",
    "pk": 15
},
{
    "fields": {
        "product": 28,
        "total_price_rmb": "4224.00",
        "sell_price_rmb": "176.00",
        "cost_price_aud": "30.00",
        "total_price_aud": "720.00",
        "amount": 24,
        "create_time": "2015-08-10T00:48:13Z",
        "order": 10,
        "store": 7,
        "name": "Bellamy \u6709\u673a\u5a74\u513f\u5976\u7c893\u6bb5 "
    },
    "model": "order.orderproduct",
    "pk": 16
},
{
    "fields": {
        "product": 28,
        "total_price_rmb": "1062.00",
        "sell_price_rmb": "177.00",
        "cost_price_aud": "30.00",
        "total_price_aud": "180.00",
        "amount": 6,
        "create_time": "2015-08-10T00:50:43Z",
        "order": 11,
        "store": 7,
        "name": "Bellamy \u6709\u673a\u5a74\u513f\u5976\u7c893\u6bb5 "
    },
    "model": "order.orderproduct",
    "pk": 17
},
{
    "fields": {
        "product": 35,
        "total_price_rmb": "260.00",
        "sell_price_rmb": "130.00",
        "cost_price_aud": "13.00",
        "total_price_aud": "26.00",
        "amount": 2,
        "create_time": "2015-08-15T12:32:30Z",
        "order": 12,
        "store": 8,
        "name": "Blackmores VE\u9762\u971c "
    },
    "model": "order.orderproduct",
    "pk": 18
},
{
    "fields": {
        "product": 37,
        "total_price_rmb": "400.00",
        "sell_price_rmb": "200.00",
        "cost_price_aud": "30.00",
        "total_price_aud": "60.00",
        "amount": 2,
        "create_time": "2015-08-15T14:36:19Z",
        "order": 12,
        "store": 8,
        "name": "Life Space \u513f\u7ae5\u76ca\u751f\u83cc "
    },
    "model": "order.orderproduct",
    "pk": 19
},
{
    "fields": {
        "product": 39,
        "total_price_rmb": "100.00",
        "sell_price_rmb": "100.00",
        "cost_price_aud": "10.00",
        "total_price_aud": "10.00",
        "amount": 1,
        "create_time": "2015-08-15T14:37:06Z",
        "order": 12,
        "store": 8,
        "name": "DU'IT \u811a\u8ddf\u9f9f\u88c2\u818f "
    },
    "model": "order.orderproduct",
    "pk": 20
},
{
    "fields": {
        "product": 41,
        "total_price_rmb": "330.00",
        "sell_price_rmb": "110.00",
        "cost_price_aud": "10.00",
        "total_price_aud": "30.00",
        "amount": 3,
        "create_time": "2015-08-15T14:37:36Z",
        "order": 12,
        "store": 8,
        "name": "Aerogard \u9632\u868a\u55b7\u96fe 135ml "
    },
    "model": "order.orderproduct",
    "pk": 21
},
{
    "fields": {
        "product": 40,
        "total_price_rmb": "180.00",
        "sell_price_rmb": "90.00",
        "cost_price_aud": "9.00",
        "total_price_aud": "18.00",
        "amount": 2,
        "create_time": "2015-08-15T14:38:17Z",
        "order": 12,
        "store": 8,
        "name": "Banana Boat SPF 50+ \u513f\u7ae5\u6eda\u73e0\u9632\u6652\u971c "
    },
    "model": "order.orderproduct",
    "pk": 22
},
{
    "fields": {
        "product": 38,
        "total_price_rmb": "480.00",
        "sell_price_rmb": "240.00",
        "cost_price_aud": "33.00",
        "total_price_aud": "66.00",
        "amount": 2,
        "create_time": "2015-08-15T14:40:24Z",
        "order": 12,
        "store": 8,
        "name": "Scholl \u7535\u52a8\u4fee\u811a\u5668 "
    },
    "model": "order.orderproduct",
    "pk": 23
},
{
    "fields": {
        "product": 42,
        "total_price_rmb": "410.00",
        "sell_price_rmb": "410.00",
        "cost_price_aud": "68.00",
        "total_price_aud": "68.00",
        "amount": 1,
        "create_time": "2015-08-15T14:54:30Z",
        "order": 12,
        "store": 8,
        "name": "FreezeFrame \u7f8e\u767d\u7cbe\u534e\u9762\u971c 30ml  "
    },
    "model": "order.orderproduct",
    "pk": 24
},
{
    "fields": {
        "product": 43,
        "total_price_rmb": "1110.00",
        "sell_price_rmb": "370.00",
        "cost_price_aud": "46.00",
        "total_price_aud": "138.00",
        "amount": 3,
        "create_time": "2015-08-15T14:59:39Z",
        "order": 12,
        "store": 8,
        "name": "FreezeFrame \u6297\u8870\u8001\u773c\u971c 15ml "
    },
    "model": "order.orderproduct",
    "pk": 25
},
{
    "fields": {
        "product": 44,
        "total_price_rmb": "370.00",
        "sell_price_rmb": "370.00",
        "cost_price_aud": "46.00",
        "total_price_aud": "46.00",
        "amount": 1,
        "create_time": "2015-08-16T08:33:28Z",
        "order": 13,
        "store": 9,
        "name": "FreezeFrame \u7626\u8eab\u971c 100g "
    },
    "model": "order.orderproduct",
    "pk": 26
},
{
    "fields": {
        "product": 29,
        "total_price_rmb": "500.00",
        "sell_price_rmb": "250.00",
        "cost_price_aud": "35.00",
        "total_price_aud": "70.00",
        "amount": 2,
        "create_time": "2015-08-16T08:45:16Z",
        "order": 13,
        "store": 9,
        "name": "FreezeFrame BB\u971c 30ml "
    },
    "model": "order.orderproduct",
    "pk": 27
},
{
    "fields": {
        "product": 45,
        "total_price_rmb": "300.00",
        "sell_price_rmb": "300.00",
        "cost_price_aud": "44.00",
        "total_price_aud": "44.00",
        "amount": 1,
        "create_time": "2015-08-16T08:46:04Z",
        "order": 13,
        "store": 9,
        "name": "FreezeFrame \u4e30\u80f8\u818f 100ml "
    },
    "model": "order.orderproduct",
    "pk": 28
},
{
    "fields": {
        "product": 46,
        "total_price_rmb": "50.00",
        "sell_price_rmb": "50.00",
        "cost_price_aud": "4.50",
        "total_price_aud": "4.50",
        "amount": 1,
        "create_time": "2015-08-16T08:55:09Z",
        "order": 13,
        "store": 9,
        "name": "Lucas \u6728\u74dc\u818f 25ml "
    },
    "model": "order.orderproduct",
    "pk": 29
},
{
    "fields": {
        "product": 48,
        "total_price_rmb": "200.00",
        "sell_price_rmb": "200.00",
        "cost_price_aud": "22.50",
        "total_price_aud": "22.50",
        "amount": 1,
        "create_time": "2015-08-16T09:03:25Z",
        "order": 13,
        "store": 4,
        "name": "Trilogy \u73ab\u7470\u679c\u6cb9 30ml "
    },
    "model": "order.orderproduct",
    "pk": 30
},
{
    "fields": {
        "product": 49,
        "total_price_rmb": "220.00",
        "sell_price_rmb": "220.00",
        "cost_price_aud": "27.00",
        "total_price_aud": "27.00",
        "amount": 1,
        "create_time": "2015-08-16T09:07:34Z",
        "order": 13,
        "store": 9,
        "name": "Wealthy Health \u6e05\u80ba\u7075 60\u7c92 "
    },
    "model": "order.orderproduct",
    "pk": 31
},
{
    "fields": {
        "product": null,
        "total_price_rmb": "170.00",
        "sell_price_rmb": "170.00",
        "cost_price_aud": "19.00",
        "total_price_aud": "19.00",
        "amount": 1,
        "create_time": "2015-08-16T09:10:22Z",
        "order": 13,
        "store": 1,
        "name": "Swisse \u7761\u7720\u7247 60\u7c92"
    },
    "model": "order.orderproduct",
    "pk": 32
},
{
    "fields": {
        "product": 20,
        "total_price_rmb": "280.00",
        "sell_price_rmb": "140.00",
        "cost_price_aud": "13.00",
        "total_price_aud": "26.00",
        "amount": 2,
        "create_time": "2015-08-16T10:02:48Z",
        "order": 14,
        "store": 1,
        "name": "Swisse \u53f6\u7eff\u7d20\u8584\u8377\u5473 500ml "
    },
    "model": "order.orderproduct",
    "pk": 33
},
{
    "fields": {
        "product": 30,
        "total_price_rmb": "1120.00",
        "sell_price_rmb": "140.00",
        "cost_price_aud": "18.00",
        "total_price_aud": "144.00",
        "amount": 8,
        "create_time": "2015-08-16T10:03:48Z",
        "order": 14,
        "store": 9,
        "name": "Bio Island \u950c 120\u7c92 "
    },
    "model": "order.orderproduct",
    "pk": 34
},
{
    "fields": {
        "product": 22,
        "total_price_rmb": "380.00",
        "sell_price_rmb": "190.00",
        "cost_price_aud": "26.00",
        "total_price_aud": "52.00",
        "amount": 2,
        "create_time": "2015-08-16T10:04:56Z",
        "order": 14,
        "store": 8,
        "name": "Swisse \u62a4\u809d\u7247 120\u7c92 "
    },
    "model": "order.orderproduct",
    "pk": 35
},
{
    "fields": {
        "product": 24,
        "total_price_rmb": "260.00",
        "sell_price_rmb": "130.00",
        "cost_price_aud": "18.00",
        "total_price_aud": "36.00",
        "amount": 2,
        "create_time": "2015-08-16T10:05:53Z",
        "order": 14,
        "store": 9,
        "name": "Swisse \u8513\u8d8a\u839330\u7c92 "
    },
    "model": "order.orderproduct",
    "pk": 36
},
{
    "fields": {
        "product": 47,
        "total_price_rmb": "200.00",
        "sell_price_rmb": "100.00",
        "cost_price_aud": "16.50",
        "total_price_aud": "33.00",
        "amount": 2,
        "create_time": "2015-08-16T10:06:40Z",
        "order": 14,
        "store": 9,
        "name": "Proctosedyl Proctosedyl \u75d4\u75ae\u818f 30g "
    },
    "model": "order.orderproduct",
    "pk": 37
},
{
    "fields": {
        "product": 50,
        "total_price_rmb": "560.00",
        "sell_price_rmb": "280.00",
        "cost_price_aud": "37.00",
        "total_price_aud": "74.00",
        "amount": 2,
        "create_time": "2015-08-16T10:16:22Z",
        "order": 14,
        "store": 1,
        "name": "Blackmores \u5929\u7136\u7ef4\u751f\u7d20E 500IU 150\u7c92 "
    },
    "model": "order.orderproduct",
    "pk": 38
},
{
    "fields": {
        "product": 51,
        "total_price_rmb": "420.00",
        "sell_price_rmb": "210.00",
        "cost_price_aud": "33.00",
        "total_price_aud": "66.00",
        "amount": 2,
        "create_time": "2015-08-16T10:18:49Z",
        "order": 14,
        "store": 1,
        "name": "Healthy Care \u6df1\u6d77\u9c9b\u9ca8\u70ef 1000mg 200\u7c92 "
    },
    "model": "order.orderproduct",
    "pk": 39
},
{
    "fields": {
        "product": 24,
        "total_price_rmb": "780.00",
        "sell_price_rmb": "130.00",
        "cost_price_aud": "18.00",
        "total_price_aud": "108.00",
        "amount": 6,
        "create_time": "2015-08-16T10:24:14Z",
        "order": 15,
        "store": 9,
        "name": "Swisse \u8513\u8d8a\u8393 30\u7c92 "
    },
    "model": "order.orderproduct",
    "pk": 40
},
{
    "fields": {
        "product": 28,
        "total_price_rmb": "1074.00",
        "sell_price_rmb": "179.00",
        "cost_price_aud": "29.00",
        "total_price_aud": "174.00",
        "amount": 6,
        "create_time": "2015-08-23T05:14:16Z",
        "order": 20,
        "store": 8,
        "name": "Bellamy \u6709\u673a\u5a74\u513f\u5976\u7c893\u6bb5 "
    },
    "model": "order.orderproduct",
    "pk": 46
},
{
    "fields": {
        "product": 26,
        "total_price_rmb": "180.00",
        "sell_price_rmb": "180.00",
        "cost_price_aud": "20.00",
        "total_price_aud": "20.00",
        "amount": 1,
        "create_time": "2015-08-23T05:18:45Z",
        "order": 21,
        "store": 8,
        "name": "Swisse \u80f6\u539f\u86cb\u767d 500ml "
    },
    "model": "order.orderproduct",
    "pk": 47
},
{
    "fields": {
        "product": 53,
        "total_price_rmb": "1122.00",
        "sell_price_rmb": "187.00",
        "cost_price_aud": "24.00",
        "total_price_aud": "144.00",
        "amount": 6,
        "create_time": "2015-08-26T00:26:24Z",
        "order": 23,
        "store": 7,
        "name": "Bellamy \u6709\u673a\u5a74\u513f\u5976\u7c891\u6bb5 "
    },
    "model": "order.orderproduct",
    "pk": 49
},
{
    "fields": {
        "product": null,
        "total_price_rmb": "3350.00",
        "sell_price_rmb": "3350.00",
        "cost_price_aud": "59.00",
        "total_price_aud": "59.00",
        "amount": 1,
        "create_time": "2015-08-27T02:00:20Z",
        "order": 24,
        "store": null,
        "name": "Logitech TK820 keyboard"
    },
    "model": "order.orderproduct",
    "pk": 50
},
{
    "fields": {
        "product": 53,
        "total_price_rmb": "1098.00",
        "sell_price_rmb": "183.00",
        "cost_price_aud": "23.00",
        "total_price_aud": "138.00",
        "amount": 6,
        "create_time": "2015-08-28T03:03:55Z",
        "order": 25,
        "store": 7,
        "name": "Bellamy \u6709\u673a\u5a74\u513f\u5976\u7c891\u6bb5 "
    },
    "model": "order.orderproduct",
    "pk": 51
},
{
    "fields": {
        "product": 28,
        "total_price_rmb": "2124.00",
        "sell_price_rmb": "177.00",
        "cost_price_aud": "18.70",
        "total_price_aud": "224.40",
        "amount": 12,
        "create_time": "2015-09-03T04:56:28Z",
        "order": 26,
        "store": 8,
        "name": "Bellamy \u6709\u673a\u5a74\u513f\u5976\u7c893\u6bb5 "
    },
    "model": "order.orderproduct",
    "pk": 52
},
{
    "fields": {
        "product": 55,
        "total_price_rmb": "900.00",
        "sell_price_rmb": "225.00",
        "cost_price_aud": "38.00",
        "total_price_aud": "152.00",
        "amount": 4,
        "create_time": "2015-09-07T01:31:20Z",
        "order": 27,
        "store": null,
        "name": "Nutrilon \u5a74\u5e7c\u513f\u6807\u51c6\u914d\u65b9\u5976\u7c892\u6bb5 "
    },
    "model": "order.orderproduct",
    "pk": 53
},
{
    "fields": {
        "product": 30,
        "total_price_rmb": "750.00",
        "sell_price_rmb": "150.00",
        "cost_price_aud": "17.00",
        "total_price_aud": "85.00",
        "amount": 5,
        "create_time": "2015-09-07T04:18:28Z",
        "order": 28,
        "store": 1,
        "name": "Bio Island \u950c 120\u7c92 "
    },
    "model": "order.orderproduct",
    "pk": 54
},
{
    "fields": {
        "product": 31,
        "total_price_rmb": "450.00",
        "sell_price_rmb": "150.00",
        "cost_price_aud": "19.00",
        "total_price_aud": "57.00",
        "amount": 3,
        "create_time": "2015-09-07T04:19:02Z",
        "order": 28,
        "store": 1,
        "name": "Bio Island \u4e73\u9499 90\u7c92 "
    },
    "model": "order.orderproduct",
    "pk": 55
},
{
    "fields": {
        "product": 33,
        "total_price_rmb": "900.00",
        "sell_price_rmb": "150.00",
        "cost_price_aud": "19.00",
        "total_price_aud": "114.00",
        "amount": 6,
        "create_time": "2015-09-07T04:19:20Z",
        "order": 28,
        "store": 1,
        "name": "Bio Island \u9c7c\u6cb9 90\u7c92 "
    },
    "model": "order.orderproduct",
    "pk": 56
},
{
    "fields": {
        "product": 32,
        "total_price_rmb": "600.00",
        "sell_price_rmb": "150.00",
        "cost_price_aud": "18.00",
        "total_price_aud": "72.00",
        "amount": 4,
        "create_time": "2015-09-07T04:19:50Z",
        "order": 28,
        "store": 1,
        "name": "Bio Island DHA 60\u7c92 "
    },
    "model": "order.orderproduct",
    "pk": 57
},
{
    "fields": {
        "product": 57,
        "total_price_rmb": "140.00",
        "sell_price_rmb": "70.00",
        "cost_price_aud": "10.00",
        "total_price_aud": "20.00",
        "amount": 2,
        "create_time": "2015-09-07T04:31:37Z",
        "order": 28,
        "store": 1,
        "name": "Ostelin \u513f\u7ae5\u7ef4\u751f\u7d20D+\u9499\u5480\u56bc\u7247 50\u7247 "
    },
    "model": "order.orderproduct",
    "pk": 58
},
{
    "fields": {
        "product": 61,
        "total_price_rmb": "720.00",
        "sell_price_rmb": "360.00",
        "cost_price_aud": "69.00",
        "total_price_aud": "138.00",
        "amount": 2,
        "create_time": "2015-09-07T05:23:22Z",
        "order": 32,
        "store": null,
        "name": "Aesop \u9999\u82b9\u7c7d\u6297\u6c27\u5316\u7cbe\u534e 100ml "
    },
    "model": "order.orderproduct",
    "pk": 63
},
{
    "fields": {
        "product": 64,
        "total_price_rmb": "930.00",
        "sell_price_rmb": "155.00",
        "cost_price_aud": "24.00",
        "total_price_aud": "144.00",
        "amount": 6,
        "create_time": "2015-09-11T01:30:39Z",
        "order": 33,
        "store": 8,
        "name": "Karicare \u7231\u4ed6\u7f8e\u91d1\u88c5\u52a0\u5f3a\u72483\u6bb5 900\u514b "
    },
    "model": "order.orderproduct",
    "pk": 64
},
{
    "fields": {
        "product": 2,
        "total_price_rmb": "130.00",
        "sell_price_rmb": "130.00",
        "cost_price_aud": "9.00",
        "total_price_aud": "9.00",
        "amount": 1,
        "create_time": "2015-09-13T07:05:33Z",
        "order": 34,
        "store": 10,
        "name": "Devondale \u5fb7\u8fd0\u6210\u4eba\u5168\u8102\u5976\u7c89  1kg"
    },
    "model": "order.orderproduct",
    "pk": 65
},
{
    "fields": {
        "product": 15,
        "total_price_rmb": "260.00",
        "sell_price_rmb": "260.00",
        "cost_price_aud": "31.00",
        "total_price_aud": "31.00",
        "amount": 1,
        "create_time": "2015-09-13T07:06:31Z",
        "order": 34,
        "store": 1,
        "name": "Swisse 50\u5c81\u4ee5\u4e0a\u8001\u5e74\u5973\u58eb\u590d\u5408\u7ef4\u751f\u7d20 90\u7247 "
    },
    "model": "order.orderproduct",
    "pk": 66
},
{
    "fields": {
        "product": 66,
        "total_price_rmb": "160.00",
        "sell_price_rmb": "160.00",
        "cost_price_aud": "20.00",
        "total_price_aud": "20.00",
        "amount": 1,
        "create_time": "2015-09-13T07:24:15Z",
        "order": 34,
        "store": 1,
        "name": "Blackmores \u6df1\u6d77\u9c7c\u6cb9 "
    },
    "model": "order.orderproduct",
    "pk": 67
},
{
    "fields": {
        "product": 67,
        "total_price_rmb": "90.00",
        "sell_price_rmb": "90.00",
        "cost_price_aud": "7.25",
        "total_price_aud": "7.25",
        "amount": 1,
        "create_time": "2015-09-13T07:26:28Z",
        "order": 34,
        "store": 1,
        "name": "Nature's Way \u63d0\u9ad8\u514d\u75ab\u529b\u6297\u611f\u5192\u80f6\u56ca 60\u7c92 "
    },
    "model": "order.orderproduct",
    "pk": 68
},
{
    "fields": {
        "product": 68,
        "total_price_rmb": "90.00",
        "sell_price_rmb": "90.00",
        "cost_price_aud": "7.25",
        "total_price_aud": "7.25",
        "amount": 1,
        "create_time": "2015-09-13T07:27:21Z",
        "order": 34,
        "store": 1,
        "name": "Nature's Way \u590d\u5408\u7ef4\u751f\u7d20+\u852c\u83dc\u7cbe\u534e\u7ef4C 60\u7c92 "
    },
    "model": "order.orderproduct",
    "pk": 69
},
{
    "fields": {
        "product": 30,
        "total_price_rmb": "160.00",
        "sell_price_rmb": "160.00",
        "cost_price_aud": "16.00",
        "total_price_aud": "16.00",
        "amount": 1,
        "create_time": "2015-09-13T07:28:29Z",
        "order": 34,
        "store": 9,
        "name": "Bio Island \u950c 120\u7c92 "
    },
    "model": "order.orderproduct",
    "pk": 70
},
{
    "fields": {
        "product": 69,
        "total_price_rmb": "120.00",
        "sell_price_rmb": "20.00",
        "cost_price_aud": "2.50",
        "total_price_aud": "15.00",
        "amount": 6,
        "create_time": "2015-09-13T07:29:07Z",
        "order": 34,
        "store": 1,
        "name": "Goat Soap Goat Soap 100g "
    },
    "model": "order.orderproduct",
    "pk": 71
},
{
    "fields": {
        "product": 58,
        "total_price_rmb": "40.00",
        "sell_price_rmb": "40.00",
        "cost_price_aud": "4.60",
        "total_price_aud": "4.60",
        "amount": 1,
        "create_time": "2015-09-13T07:57:08Z",
        "order": 35,
        "store": 1,
        "name": "Redwin \u8336\u6811\u7cbe\u6cb9\u6d17\u53d1\u6c34 "
    },
    "model": "order.orderproduct",
    "pk": 72
},
{
    "fields": {
        "product": 71,
        "total_price_rmb": "160.00",
        "sell_price_rmb": "80.00",
        "cost_price_aud": "10.00",
        "total_price_aud": "20.00",
        "amount": 2,
        "create_time": "2015-09-13T07:57:55Z",
        "order": 35,
        "store": 1,
        "name": "Sukin \u62a4\u53d1\u7d20 500ml "
    },
    "model": "order.orderproduct",
    "pk": 73
},
{
    "fields": {
        "product": 26,
        "total_price_rmb": "150.00",
        "sell_price_rmb": "150.00",
        "cost_price_aud": "20.00",
        "total_price_aud": "20.00",
        "amount": 1,
        "create_time": "2015-09-13T07:58:33Z",
        "order": 35,
        "store": 1,
        "name": "Swisse \u80f6\u539f\u86cb\u767d 500ml "
    },
    "model": "order.orderproduct",
    "pk": 74
},
{
    "fields": {
        "product": 56,
        "total_price_rmb": "260.00",
        "sell_price_rmb": "260.00",
        "cost_price_aud": "30.00",
        "total_price_aud": "30.00",
        "amount": 1,
        "create_time": "2015-09-13T07:59:08Z",
        "order": 35,
        "store": 1,
        "name": "Ostelin \u7ef4\u751f\u7d20D+\u9499 300\u7247 "
    },
    "model": "order.orderproduct",
    "pk": 75
},
{
    "fields": {
        "product": 72,
        "total_price_rmb": "70.00",
        "sell_price_rmb": "35.00",
        "cost_price_aud": "6.50",
        "total_price_aud": "13.00",
        "amount": 2,
        "create_time": "2015-09-13T08:03:35Z",
        "order": 35,
        "store": 9,
        "name": "Comvita \u5929\u7136\u8702\u80f6\u7259\u818f 100g "
    },
    "model": "order.orderproduct",
    "pk": 77
},
{
    "fields": {
        "product": 48,
        "total_price_rmb": "0.00",
        "sell_price_rmb": "0.00",
        "cost_price_aud": "20.00",
        "total_price_aud": "20.00",
        "amount": 1,
        "create_time": "2015-09-13T08:05:54Z",
        "order": 35,
        "store": 2,
        "name": "Trilogy \u73ab\u7470\u679c\u6cb9\u6297\u6c27\u5316\u7248 30ml "
    },
    "model": "order.orderproduct",
    "pk": 78
},
{
    "fields": {
        "product": 73,
        "total_price_rmb": "250.00",
        "sell_price_rmb": "250.00",
        "cost_price_aud": "45.00",
        "total_price_aud": "45.00",
        "amount": 1,
        "create_time": "2015-09-14T01:09:52Z",
        "order": 28,
        "store": 9,
        "name": "FreezeFrame \u776b\u6bdb\u589e\u957f\u6db2 "
    },
    "model": "order.orderproduct",
    "pk": 80
},
{
    "fields": {
        "product": 65,
        "total_price_rmb": "1080.00",
        "sell_price_rmb": "180.00",
        "cost_price_aud": "22.00",
        "total_price_aud": "132.00",
        "amount": 6,
        "create_time": "2015-09-14T04:28:30Z",
        "order": 36,
        "store": 8,
        "name": "Karicare \u7231\u4ed6\u7f8e\u91d1\u88c5\u52a0\u5f3a\u72484\u6bb5 900\u514b "
    },
    "model": "order.orderproduct",
    "pk": 81
},
{
    "fields": {
        "product": 53,
        "total_price_rmb": "180.00",
        "sell_price_rmb": "180.00",
        "cost_price_aud": "24.00",
        "total_price_aud": "24.00",
        "amount": 1,
        "create_time": "2015-09-16T00:31:36Z",
        "order": 28,
        "store": 2,
        "name": "Bellamy \u6709\u673a\u5a74\u513f\u5976\u7c891\u6bb5 "
    },
    "model": "order.orderproduct",
    "pk": 82
},
{
    "fields": {
        "product": 74,
        "total_price_rmb": "50.00",
        "sell_price_rmb": "50.00",
        "cost_price_aud": "5.00",
        "total_price_aud": "5.00",
        "amount": 1,
        "create_time": "2015-09-16T00:31:57Z",
        "order": 28,
        "store": 4,
        "name": "Red Seal \u9ed1\u7cd6 "
    },
    "model": "order.orderproduct",
    "pk": 83
},
{
    "fields": {
        "product": 69,
        "total_price_rmb": "120.00",
        "sell_price_rmb": "20.00",
        "cost_price_aud": "2.50",
        "total_price_aud": "15.00",
        "amount": 6,
        "create_time": "2015-09-16T00:32:50Z",
        "order": 28,
        "store": 1,
        "name": "Goat Soap Goat Soap 100g "
    },
    "model": "order.orderproduct",
    "pk": 84
},
{
    "fields": {
        "product": 75,
        "total_price_rmb": "180.00",
        "sell_price_rmb": "90.00",
        "cost_price_aud": "10.00",
        "total_price_aud": "20.00",
        "amount": 2,
        "create_time": "2015-09-16T00:38:19Z",
        "order": 28,
        "store": 1,
        "name": "Healthy Care \u5375\u78f7\u8102\u80f6\u56ca 100\u7c92 "
    },
    "model": "order.orderproduct",
    "pk": 85
},
{
    "fields": {
        "product": 37,
        "total_price_rmb": "320.00",
        "sell_price_rmb": "160.00",
        "cost_price_aud": "26.00",
        "total_price_aud": "52.00",
        "amount": 2,
        "create_time": "2015-09-16T00:46:43Z",
        "order": 28,
        "store": 3,
        "name": "Life Space \u76ca\u751f\u83cc\u513f\u7ae5\u7248 60g "
    },
    "model": "order.orderproduct",
    "pk": 86
},
{
    "fields": {
        "product": 24,
        "total_price_rmb": "140.00",
        "sell_price_rmb": "140.00",
        "cost_price_aud": "18.00",
        "total_price_aud": "18.00",
        "amount": 1,
        "create_time": "2015-09-16T00:49:54Z",
        "order": 28,
        "store": 4,
        "name": "Swisse \u8513\u8d8a\u8393 30\u7c92 "
    },
    "model": "order.orderproduct",
    "pk": 87
},
{
    "fields": {
        "product": 17,
        "total_price_rmb": "100.00",
        "sell_price_rmb": "100.00",
        "cost_price_aud": "12.00",
        "total_price_aud": "12.00",
        "amount": 1,
        "create_time": "2015-09-16T00:55:35Z",
        "order": 38,
        "store": 1,
        "name": "Swisse \u9499\u7247+\u7ef4\u751f\u7d20D 150\u7247 "
    },
    "model": "order.orderproduct",
    "pk": 89
},
{
    "fields": {
        "product": 66,
        "total_price_rmb": "150.00",
        "sell_price_rmb": "150.00",
        "cost_price_aud": "20.00",
        "total_price_aud": "20.00",
        "amount": 1,
        "create_time": "2015-09-16T00:56:07Z",
        "order": 38,
        "store": 1,
        "name": "Blackmores \u6df1\u6d77\u9c7c\u6cb9 "
    },
    "model": "order.orderproduct",
    "pk": 90
},
{
    "fields": {
        "product": 18,
        "total_price_rmb": "220.00",
        "sell_price_rmb": "220.00",
        "cost_price_aud": "23.00",
        "total_price_aud": "23.00",
        "amount": 1,
        "create_time": "2015-09-16T00:56:48Z",
        "order": 38,
        "store": 1,
        "name": "Swisse \u5973\u6027\u590d\u5408\u7ef4\u751f\u7d20 120\u7247 "
    },
    "model": "order.orderproduct",
    "pk": 92
},
{
    "fields": {
        "product": 8,
        "total_price_rmb": "200.00",
        "sell_price_rmb": "200.00",
        "cost_price_aud": "35.00",
        "total_price_aud": "35.00",
        "amount": 1,
        "create_time": "2015-09-16T00:57:18Z",
        "order": 38,
        "store": 1,
        "name": "Comvita UMF 5+ \u9ea6\u5362\u5361\u8702\u871c  500g"
    },
    "model": "order.orderproduct",
    "pk": 93
},
{
    "fields": {
        "product": null,
        "total_price_rmb": "2750.00",
        "sell_price_rmb": "250.00",
        "cost_price_aud": "47.00",
        "total_price_aud": "517.00",
        "amount": 11,
        "create_time": "2015-09-18T14:15:01Z",
        "order": 39,
        "store": 4,
        "name": "\u8702\u6bd2\u9762\u819c"
    },
    "model": "order.orderproduct",
    "pk": 95
},
{
    "fields": {
        "product": null,
        "total_price_rmb": "1500.00",
        "sell_price_rmb": "250.00",
        "cost_price_aud": "43.00",
        "total_price_aud": "258.00",
        "amount": 6,
        "create_time": "2015-09-18T14:15:32Z",
        "order": 39,
        "store": 4,
        "name": "\u8702\u6bd2\u9762\u971c"
    },
    "model": "order.orderproduct",
    "pk": 96
},
{
    "fields": {
        "product": null,
        "total_price_rmb": "210.00",
        "sell_price_rmb": "35.00",
        "cost_price_aud": "4.40",
        "total_price_aud": "26.40",
        "amount": 6,
        "create_time": "2015-09-18T14:43:59Z",
        "order": 39,
        "store": 1,
        "name": "Healthy Care\u7ef5\u7f8a\u6cb9"
    },
    "model": "order.orderproduct",
    "pk": 97
},
{
    "fields": {
        "product": null,
        "total_price_rmb": "2780.00",
        "sell_price_rmb": "2780.00",
        "cost_price_aud": "595.00",
        "total_price_aud": "595.00",
        "amount": 1,
        "create_time": "2015-09-18T14:51:52Z",
        "order": 39,
        "store": null,
        "name": "Huawei Mate7"
    },
    "model": "order.orderproduct",
    "pk": 99
},
{
    "fields": {
        "product": null,
        "total_price_rmb": "1600.00",
        "sell_price_rmb": "800.00",
        "cost_price_aud": "178.00",
        "total_price_aud": "356.00",
        "amount": 2,
        "create_time": "2015-09-18T14:51:52Z",
        "order": 39,
        "store": null,
        "name": "Fitbit Charge HR"
    },
    "model": "order.orderproduct",
    "pk": 100
},
{
    "fields": {
        "product": null,
        "total_price_rmb": "4200.00",
        "sell_price_rmb": "4200.00",
        "cost_price_aud": "917.00",
        "total_price_aud": "917.00",
        "amount": 1,
        "create_time": "2015-09-18T14:52:42Z",
        "order": 39,
        "store": null,
        "name": "EPSON 5200"
    },
    "model": "order.orderproduct",
    "pk": 101
},
{
    "fields": {
        "product": 31,
        "total_price_rmb": "480.00",
        "sell_price_rmb": "160.00",
        "cost_price_aud": "20.00",
        "total_price_aud": "60.00",
        "amount": 3,
        "create_time": "2015-09-18T15:38:48Z",
        "order": 40,
        "store": 4,
        "name": "Bio Island \u4e73\u9499 90\u7c92 "
    },
    "model": "order.orderproduct",
    "pk": 102
},
{
    "fields": {
        "product": 32,
        "total_price_rmb": "300.00",
        "sell_price_rmb": "150.00",
        "cost_price_aud": "17.00",
        "total_price_aud": "34.00",
        "amount": 2,
        "create_time": "2015-09-18T15:39:09Z",
        "order": 40,
        "store": 4,
        "name": "Bio Island DHA 60\u7c92 "
    },
    "model": "order.orderproduct",
    "pk": 103
},
{
    "fields": {
        "product": null,
        "total_price_rmb": "120.00",
        "sell_price_rmb": "120.00",
        "cost_price_aud": "16.00",
        "total_price_aud": "16.00",
        "amount": 1,
        "create_time": "2015-09-19T05:54:55Z",
        "order": 28,
        "store": 1,
        "name": "Hydrodol \u89e3\u9152\u7247"
    },
    "model": "order.orderproduct",
    "pk": 104
},
{
    "fields": {
        "product": null,
        "total_price_rmb": "105.00",
        "sell_price_rmb": "105.00",
        "cost_price_aud": "13.00",
        "total_price_aud": "13.00",
        "amount": 1,
        "create_time": "2015-09-19T05:56:36Z",
        "order": 28,
        "store": 1,
        "name": "Narifen 1-5\u5c81\u611f\u5192\u836f 200ml"
    },
    "model": "order.orderproduct",
    "pk": 105
},
{
    "fields": {
        "product": null,
        "total_price_rmb": "100.00",
        "sell_price_rmb": "100.00",
        "cost_price_aud": "12.00",
        "total_price_aud": "12.00",
        "amount": 1,
        "create_time": "2015-09-19T06:00:34Z",
        "order": 28,
        "store": 1,
        "name": "Panadol 1-5\u5c81\u611f\u5192\u836f 200ml"
    },
    "model": "order.orderproduct",
    "pk": 106
},
{
    "fields": {
        "product": null,
        "total_price_rmb": "100.00",
        "sell_price_rmb": "100.00",
        "cost_price_aud": "15.00",
        "total_price_aud": "15.00",
        "amount": 1,
        "create_time": "2015-09-19T10:30:42Z",
        "order": 28,
        "store": 1,
        "name": "Combantrin \u9a71\u866b\u5de7\u514b\u529b"
    },
    "model": "order.orderproduct",
    "pk": 107
},
{
    "fields": {
        "product": null,
        "total_price_rmb": "130.00",
        "sell_price_rmb": "130.00",
        "cost_price_aud": "17.00",
        "total_price_aud": "17.00",
        "amount": 1,
        "create_time": "2015-09-19T10:30:42Z",
        "order": 28,
        "store": 9,
        "name": "White Glo\u7259\u9f7f\u7f8e\u767d"
    },
    "model": "order.orderproduct",
    "pk": 108
},
{
    "fields": {
        "product": null,
        "total_price_rmb": "25.00",
        "sell_price_rmb": "25.00",
        "cost_price_aud": "3.00",
        "total_price_aud": "3.00",
        "amount": 1,
        "create_time": "2015-09-19T11:12:03Z",
        "order": 28,
        "store": 11,
        "name": "Dried Craisins Regular Cranberries"
    },
    "model": "order.orderproduct",
    "pk": 109
},
{
    "fields": {
        "product": null,
        "total_price_rmb": "100.00",
        "sell_price_rmb": "50.00",
        "cost_price_aud": "7.75",
        "total_price_aud": "15.50",
        "amount": 2,
        "create_time": "2015-09-19T11:16:06Z",
        "order": 28,
        "store": 10,
        "name": "Le Snak Tasty Cheese Value Pack  264g"
    },
    "model": "order.orderproduct",
    "pk": 110
},
{
    "fields": {
        "product": 77,
        "total_price_rmb": "550.00",
        "sell_price_rmb": "110.00",
        "cost_price_aud": "16.50",
        "total_price_aud": "82.50",
        "amount": 5,
        "create_time": "2015-09-20T07:57:56Z",
        "order": 41,
        "store": 2,
        "name": "Lamisil Cream 15g "
    },
    "model": "order.orderproduct",
    "pk": 111
},
{
    "fields": {
        "product": null,
        "total_price_rmb": "110.00",
        "sell_price_rmb": "55.00",
        "cost_price_aud": "5.00",
        "total_price_aud": "10.00",
        "amount": 2,
        "create_time": "2015-09-20T07:59:35Z",
        "order": 28,
        "store": 9,
        "name": "\u8513\u8d8a\u8393\u5e72 250g"
    },
    "model": "order.orderproduct",
    "pk": 112
},
{
    "fields": {
        "product": 47,
        "total_price_rmb": "500.00",
        "sell_price_rmb": "100.00",
        "cost_price_aud": "16.00",
        "total_price_aud": "80.00",
        "amount": 5,
        "create_time": "2015-09-20T08:00:45Z",
        "order": 41,
        "store": 12,
        "name": "Proctosedyl Proctosedyl \u75d4\u75ae\u818f 30g "
    },
    "model": "order.orderproduct",
    "pk": 113
},
{
    "fields": {
        "product": 78,
        "total_price_rmb": "520.00",
        "sell_price_rmb": "260.00",
        "cost_price_aud": "45.00",
        "total_price_aud": "90.00",
        "amount": 2,
        "create_time": "2015-09-20T08:59:41Z",
        "order": 41,
        "store": 9,
        "name": "Royal Nectar \u8702\u6bd2\u9762\u819c 50ml "
    },
    "model": "order.orderproduct",
    "pk": 114
},
{
    "fields": {
        "product": 24,
        "total_price_rmb": "420.00",
        "sell_price_rmb": "140.00",
        "cost_price_aud": "19.00",
        "total_price_aud": "57.00",
        "amount": 3,
        "create_time": "2015-09-20T09:00:20Z",
        "order": 41,
        "store": 9,
        "name": "Swisse \u8513\u8d8a\u8393 30\u7c92 "
    },
    "model": "order.orderproduct",
    "pk": 115
},
{
    "fields": {
        "product": null,
        "total_price_rmb": "510.00",
        "sell_price_rmb": "170.00",
        "cost_price_aud": "25.00",
        "total_price_aud": "75.00",
        "amount": 3,
        "create_time": "2015-09-20T09:01:37Z",
        "order": 41,
        "store": 1,
        "name": "Bio Oil 200ml"
    },
    "model": "order.orderproduct",
    "pk": 116
},
{
    "fields": {
        "product": null,
        "total_price_rmb": "350.00",
        "sell_price_rmb": "70.00",
        "cost_price_aud": "9.50",
        "total_price_aud": "47.50",
        "amount": 5,
        "create_time": "2015-09-20T09:02:13Z",
        "order": 41,
        "store": 1,
        "name": "Kid Smart"
    },
    "model": "order.orderproduct",
    "pk": 117
},
{
    "fields": {
        "product": 81,
        "total_price_rmb": "150.00",
        "sell_price_rmb": "150.00",
        "cost_price_aud": "22.00",
        "total_price_aud": "22.00",
        "amount": 1,
        "create_time": "2015-09-21T01:17:28Z",
        "order": 42,
        "store": 1,
        "name": "Healthy Care \u8702\u80f6 2000mg 200\u7c92 "
    },
    "model": "order.orderproduct",
    "pk": 118
},
{
    "fields": {
        "product": 80,
        "total_price_rmb": "840.00",
        "sell_price_rmb": "420.00",
        "cost_price_aud": "62.00",
        "total_price_aud": "124.00",
        "amount": 2,
        "create_time": "2015-09-21T01:28:41Z",
        "order": 42,
        "store": 4,
        "name": "Comvita 5+ \u9ea6\u5362\u5361\u8702\u871c 1kg "
    },
    "model": "order.orderproduct",
    "pk": 119
},
{
    "fields": {
        "product": 15,
        "total_price_rmb": "300.00",
        "sell_price_rmb": "300.00",
        "cost_price_aud": "30.00",
        "total_price_aud": "30.00",
        "amount": 1,
        "create_time": "2015-09-21T01:29:03Z",
        "order": 42,
        "store": 1,
        "name": "Swisse 50\u5c81\u4ee5\u4e0a\u8001\u5e74\u5973\u58eb\u590d\u5408\u7ef4\u751f\u7d20 90\u7247 "
    },
    "model": "order.orderproduct",
    "pk": 120
},
{
    "fields": {
        "product": 16,
        "total_price_rmb": "300.00",
        "sell_price_rmb": "300.00",
        "cost_price_aud": "30.00",
        "total_price_aud": "30.00",
        "amount": 1,
        "create_time": "2015-09-21T01:29:28Z",
        "order": 42,
        "store": 1,
        "name": "Swisse 50\u5c81\u4ee5\u4e0a\u8001\u5e74\u7537\u58eb\u590d\u5408\u7ef4\u751f\u7d20 90\u7247 "
    },
    "model": "order.orderproduct",
    "pk": 121
},
{
    "fields": {
        "product": 2,
        "total_price_rmb": "125.00",
        "sell_price_rmb": "125.00",
        "cost_price_aud": "9.00",
        "total_price_aud": "9.00",
        "amount": 1,
        "create_time": "2015-09-21T01:29:59Z",
        "order": 42,
        "store": 10,
        "name": "Devondale \u5fb7\u8fd0\u6210\u4eba\u5168\u8102\u5976\u7c89  1kg"
    },
    "model": "order.orderproduct",
    "pk": 122
},
{
    "fields": {
        "product": 23,
        "total_price_rmb": "240.00",
        "sell_price_rmb": "240.00",
        "cost_price_aud": "26.00",
        "total_price_aud": "26.00",
        "amount": 1,
        "create_time": "2015-09-21T01:30:28Z",
        "order": 42,
        "store": 1,
        "name": "Swisse \u8461\u8404\u7c7d 180\u7c92 "
    },
    "model": "order.orderproduct",
    "pk": 123
},
{
    "fields": {
        "product": 39,
        "total_price_rmb": "90.00",
        "sell_price_rmb": "90.00",
        "cost_price_aud": "9.00",
        "total_price_aud": "9.00",
        "amount": 1,
        "create_time": "2015-09-21T01:30:30Z",
        "order": 42,
        "store": 9,
        "name": "DU'IT \u811a\u8ddf\u9f9f\u88c2\u818f "
    },
    "model": "order.orderproduct",
    "pk": 124
},
{
    "fields": {
        "product": 26,
        "total_price_rmb": "400.00",
        "sell_price_rmb": "200.00",
        "cost_price_aud": "20.00",
        "total_price_aud": "40.00",
        "amount": 2,
        "create_time": "2015-09-21T01:31:51Z",
        "order": 42,
        "store": 1,
        "name": "Swisse \u80f6\u539f\u86cb\u767d 500ml "
    },
    "model": "order.orderproduct",
    "pk": 125
},
{
    "fields": {
        "product": null,
        "total_price_rmb": "200.00",
        "sell_price_rmb": "200.00",
        "cost_price_aud": "26.00",
        "total_price_aud": "26.00",
        "amount": 1,
        "create_time": "2015-09-21T01:36:09Z",
        "order": 42,
        "store": 1,
        "name": "Swisse \u80f6\u539f\u86cb\u767d\u7247\u5242 100\u7247"
    },
    "model": "order.orderproduct",
    "pk": 126
},
{
    "fields": {
        "product": 82,
        "total_price_rmb": "190.00",
        "sell_price_rmb": "95.00",
        "cost_price_aud": "8.40",
        "total_price_aud": "16.80",
        "amount": 2,
        "create_time": "2015-09-21T01:39:13Z",
        "order": 42,
        "store": 1,
        "name": "Sukin \u6d17\u53d1\u6c34 500ml "
    },
    "model": "order.orderproduct",
    "pk": 127
},
{
    "fields": {
        "product": 53,
        "total_price_rmb": "1080.00",
        "sell_price_rmb": "1080.00",
        "cost_price_aud": "190.00",
        "total_price_aud": "190.00",
        "amount": 1,
        "create_time": "2015-10-08T11:21:48Z",
        "order": 43,
        "store": 8,
        "name": "Bellamy \u6709\u673a\u5a74\u513f\u5976\u7c891\u6bb5 "
    },
    "model": "order.orderproduct",
    "pk": 128
},
{
    "fields": {
        "product": 52,
        "total_price_rmb": "1000.00",
        "sell_price_rmb": "1000.00",
        "cost_price_aud": "190.00",
        "total_price_aud": "190.00",
        "amount": 1,
        "create_time": "2015-10-08T11:23:34Z",
        "order": 44,
        "store": 8,
        "name": "Bellamy \u6709\u673a\u5a74\u513f\u5976\u7c892\u6bb5 "
    },
    "model": "order.orderproduct",
    "pk": 129
},
{
    "fields": {
        "product": 28,
        "total_price_rmb": "1000.00",
        "sell_price_rmb": "1000.00",
        "cost_price_aud": "195.00",
        "total_price_aud": "195.00",
        "amount": 1,
        "create_time": "2015-10-08T11:24:43Z",
        "order": 44,
        "store": 4,
        "name": "Bellamy \u6709\u673a\u5a74\u513f\u5976\u7c893\u6bb5 "
    },
    "model": "order.orderproduct",
    "pk": 130
},
{
    "fields": {
        "product": 64,
        "total_price_rmb": "540.00",
        "sell_price_rmb": "135.00",
        "cost_price_aud": "27.00",
        "total_price_aud": "108.00",
        "amount": 4,
        "create_time": "2015-10-10T11:26:50Z",
        "order": 45,
        "store": null,
        "name": "Karicare \u7231\u4ed6\u7f8e\u91d1\u88c5\u52a0\u5f3a\u72483\u6bb5 900\u514b "
    },
    "model": "order.orderproduct",
    "pk": 131
},
{
    "fields": {
        "product": 65,
        "total_price_rmb": "270.00",
        "sell_price_rmb": "135.00",
        "cost_price_aud": "21.00",
        "total_price_aud": "42.00",
        "amount": 2,
        "create_time": "2015-10-10T11:27:10Z",
        "order": 45,
        "store": null,
        "name": "Karicare \u7231\u4ed6\u7f8e\u91d1\u88c5\u52a0\u5f3a\u72484\u6bb5 900\u514b "
    },
    "model": "order.orderproduct",
    "pk": 132
},
{
    "fields": {
        "product": 83,
        "total_price_rmb": "480.00",
        "sell_price_rmb": "240.00",
        "cost_price_aud": "33.00",
        "total_price_aud": "66.00",
        "amount": 2,
        "create_time": "2015-10-10T11:28:31Z",
        "order": 47,
        "store": 7,
        "name": "Karicare \u7f8a\u5976\u7c891\u6bb5 "
    },
    "model": "order.orderproduct",
    "pk": 133
},
{
    "fields": {
        "product": 28,
        "total_price_rmb": "1130.00",
        "sell_price_rmb": "1130.00",
        "cost_price_aud": "216.00",
        "total_price_aud": "216.00",
        "amount": 1,
        "create_time": "2015-10-12T12:28:22Z",
        "order": 48,
        "store": 7,
        "name": "Bellamy \u6709\u673a\u5a74\u513f\u5976\u7c893\u6bb5 "
    },
    "model": "order.orderproduct",
    "pk": 134
},
{
    "fields": {
        "product": 28,
        "total_price_rmb": "3390.00",
        "sell_price_rmb": "1130.00",
        "cost_price_aud": "216.00",
        "total_price_aud": "648.00",
        "amount": 3,
        "create_time": "2015-10-12T12:28:47Z",
        "order": 49,
        "store": 7,
        "name": "Bellamy \u6709\u673a\u5a74\u513f\u5976\u7c893\u6bb5 "
    },
    "model": "order.orderproduct",
    "pk": 135
},
{
    "fields": {
        "product": 52,
        "total_price_rmb": "1130.00",
        "sell_price_rmb": "1130.00",
        "cost_price_aud": "190.00",
        "total_price_aud": "190.00",
        "amount": 1,
        "create_time": "2015-10-14T04:40:48Z",
        "order": 50,
        "store": 8,
        "name": "Bellamy \u6709\u673a\u5a74\u513f\u5976\u7c892\u6bb5 "
    },
    "model": "order.orderproduct",
    "pk": 136
},
{
    "fields": {
        "product": null,
        "total_price_rmb": "800.00",
        "sell_price_rmb": "800.00",
        "cost_price_aud": "157.00",
        "total_price_aud": "157.00",
        "amount": 1,
        "create_time": "2015-10-20T23:47:59Z",
        "order": 51,
        "store": null,
        "name": "Fitbit Charge HR Black Large"
    },
    "model": "order.orderproduct",
    "pk": 137
},
{
    "fields": {
        "product": null,
        "total_price_rmb": "800.00",
        "sell_price_rmb": "800.00",
        "cost_price_aud": "140.00",
        "total_price_aud": "140.00",
        "amount": 1,
        "create_time": "2015-10-20T23:48:41Z",
        "order": 51,
        "store": null,
        "name": "Fitbit Charge HR Plum Small"
    },
    "model": "order.orderproduct",
    "pk": 138
},
{
    "fields": {
        "product": 52,
        "total_price_rmb": "2200.00",
        "sell_price_rmb": "1100.00",
        "cost_price_aud": "216.00",
        "total_price_aud": "432.00",
        "amount": 2,
        "create_time": "2015-10-26T02:37:16Z",
        "order": 52,
        "store": 7,
        "name": "Bellamy \u6709\u673a\u5a74\u513f\u5976\u7c892\u6bb5 "
    },
    "model": "order.orderproduct",
    "pk": 139
},
{
    "fields": {
        "product": 23,
        "total_price_rmb": "180.00",
        "sell_price_rmb": "180.00",
        "cost_price_aud": "30.00",
        "total_price_aud": "30.00",
        "amount": 1,
        "create_time": "2015-10-27T03:58:12Z",
        "order": 53,
        "store": null,
        "name": "Swisse \u8461\u8404\u7c7d 180\u7c92 "
    },
    "model": "order.orderproduct",
    "pk": 141
},
{
    "fields": {
        "product": null,
        "total_price_rmb": "220.00",
        "sell_price_rmb": "220.00",
        "cost_price_aud": "33.00",
        "total_price_aud": "33.00",
        "amount": 1,
        "create_time": "2015-10-27T04:01:25Z",
        "order": 53,
        "store": null,
        "name": "blackmores \u9aa8\u7ef4\u529b"
    },
    "model": "order.orderproduct",
    "pk": 143
},
{
    "fields": {
        "product": null,
        "total_price_rmb": "130.00",
        "sell_price_rmb": "130.00",
        "cost_price_aud": "18.00",
        "total_price_aud": "18.00",
        "amount": 1,
        "create_time": "2015-10-27T04:01:43Z",
        "order": 53,
        "store": null,
        "name": "blackmores \u6708\u89c1\u8349"
    },
    "model": "order.orderproduct",
    "pk": 144
},
{
    "fields": {
        "product": 14,
        "total_price_rmb": "180.00",
        "sell_price_rmb": "180.00",
        "cost_price_aud": "26.00",
        "total_price_aud": "26.00",
        "amount": 1,
        "create_time": "2015-10-27T04:03:14Z",
        "order": 53,
        "store": null,
        "name": "Swisse \u524d\u5217\u817a\u5eb7\u7247 50\u7247 "
    },
    "model": "order.orderproduct",
    "pk": 145
},
{
    "fields": {
        "product": 53,
        "total_price_rmb": "3480.00",
        "sell_price_rmb": "1160.00",
        "cost_price_aud": "198.00",
        "total_price_aud": "594.00",
        "amount": 3,
        "create_time": "2015-11-01T04:12:07Z",
        "order": 56,
        "store": null,
        "name": "Bellamy \u6709\u673a\u5a74\u513f\u5976\u7c891\u6bb5 "
    },
    "model": "order.orderproduct",
    "pk": 147
},
{
    "fields": {
        "product": 52,
        "total_price_rmb": "2320.00",
        "sell_price_rmb": "1160.00",
        "cost_price_aud": "208.00",
        "total_price_aud": "416.00",
        "amount": 2,
        "create_time": "2015-11-01T04:15:05Z",
        "order": 57,
        "store": null,
        "name": "Bellamy \u6709\u673a\u5a74\u513f\u5976\u7c892\u6bb5 "
    },
    "model": "order.orderproduct",
    "pk": 148
},
{
    "fields": {
        "product": 15,
        "total_price_rmb": "260.00",
        "sell_price_rmb": "260.00",
        "cost_price_aud": "39.00",
        "total_price_aud": "39.00",
        "amount": 1,
        "create_time": "2015-11-01T04:28:54Z",
        "order": 58,
        "store": 1,
        "name": "Swisse 50\u5c81\u4ee5\u4e0a\u8001\u5e74\u5973\u58eb\u590d\u5408\u7ef4\u751f\u7d20 90\u7247 "
    },
    "model": "order.orderproduct",
    "pk": 149
},
{
    "fields": {
        "product": 16,
        "total_price_rmb": "260.00",
        "sell_price_rmb": "260.00",
        "cost_price_aud": "39.00",
        "total_price_aud": "39.00",
        "amount": 1,
        "create_time": "2015-11-01T04:28:54Z",
        "order": 58,
        "store": 1,
        "name": "Swisse 50\u5c81\u4ee5\u4e0a\u8001\u5e74\u7537\u58eb\u590d\u5408\u7ef4\u751f\u7d20 90\u7247 "
    },
    "model": "order.orderproduct",
    "pk": 150
},
{
    "fields": {
        "product": 19,
        "total_price_rmb": "200.00",
        "sell_price_rmb": "200.00",
        "cost_price_aud": "29.00",
        "total_price_aud": "29.00",
        "amount": 1,
        "create_time": "2015-11-01T04:30:16Z",
        "order": 58,
        "store": 1,
        "name": "Swisse \u7537\u6027\u590d\u5408\u7ef4\u751f\u7d20 120\u7247 "
    },
    "model": "order.orderproduct",
    "pk": 151
},
{
    "fields": {
        "product": 69,
        "total_price_rmb": "110.00",
        "sell_price_rmb": "22.00",
        "cost_price_aud": "3.00",
        "total_price_aud": "15.00",
        "amount": 5,
        "create_time": "2015-11-01T09:13:14Z",
        "order": 59,
        "store": 1,
        "name": "Goat Soap Goat Soap 100g "
    },
    "model": "order.orderproduct",
    "pk": 152
},
{
    "fields": {
        "product": 46,
        "total_price_rmb": "40.00",
        "sell_price_rmb": "40.00",
        "cost_price_aud": "5.00",
        "total_price_aud": "5.00",
        "amount": 1,
        "create_time": "2015-11-01T09:13:39Z",
        "order": 59,
        "store": 12,
        "name": "Lucas \u6728\u74dc\u818f 25ml "
    },
    "model": "order.orderproduct",
    "pk": 153
},
{
    "fields": {
        "product": 88,
        "total_price_rmb": "110.00",
        "sell_price_rmb": "110.00",
        "cost_price_aud": "10.00",
        "total_price_aud": "10.00",
        "amount": 1,
        "create_time": "2015-11-01T09:14:24Z",
        "order": 59,
        "store": 12,
        "name": "Devondale instant skim milk powder 1kg "
    },
    "model": "order.orderproduct",
    "pk": 154
},
{
    "fields": {
        "product": 8,
        "total_price_rmb": "210.00",
        "sell_price_rmb": "210.00",
        "cost_price_aud": "34.00",
        "total_price_aud": "34.00",
        "amount": 1,
        "create_time": "2015-11-01T09:14:52Z",
        "order": 59,
        "store": 9,
        "name": "Comvita UMF 5+ \u9ea6\u5362\u5361\u8702\u871c  500g"
    },
    "model": "order.orderproduct",
    "pk": 155
},
{
    "fields": {
        "product": 74,
        "total_price_rmb": "70.00",
        "sell_price_rmb": "70.00",
        "cost_price_aud": "5.00",
        "total_price_aud": "5.00",
        "amount": 1,
        "create_time": "2015-11-01T09:15:21Z",
        "order": 59,
        "store": 9,
        "name": "Red Seal \u9ed1\u7cd6 "
    },
    "model": "order.orderproduct",
    "pk": 156
},
{
    "fields": {
        "product": null,
        "total_price_rmb": "200.00",
        "sell_price_rmb": "100.00",
        "cost_price_aud": "14.00",
        "total_price_aud": "28.00",
        "amount": 2,
        "create_time": "2015-11-01T09:21:10Z",
        "order": 60,
        "store": 9,
        "name": "Comvita\u67e0\u6aac\u7cd6"
    },
    "model": "order.orderproduct",
    "pk": 157
},
{
    "fields": {
        "product": null,
        "total_price_rmb": "105.00",
        "sell_price_rmb": "35.00",
        "cost_price_aud": "2.50",
        "total_price_aud": "7.50",
        "amount": 3,
        "create_time": "2015-11-01T09:21:55Z",
        "order": 60,
        "store": 10,
        "name": "White wings buttermilk"
    },
    "model": "order.orderproduct",
    "pk": 158
},
{
    "fields": {
        "product": 85,
        "total_price_rmb": "480.00",
        "sell_price_rmb": "480.00",
        "cost_price_aud": "75.00",
        "total_price_aud": "75.00",
        "amount": 1,
        "create_time": "2015-11-01T09:22:19Z",
        "order": 60,
        "store": null,
        "name": "Aesop \u5927\u9a6c\u58eb\u9769\u73ab\u7470\u7cbe\u6cb9 25ml "
    },
    "model": "order.orderproduct",
    "pk": 159
},
{
    "fields": {
        "product": 86,
        "total_price_rmb": "470.00",
        "sell_price_rmb": "470.00",
        "cost_price_aud": "81.00",
        "total_price_aud": "81.00",
        "amount": 1,
        "create_time": "2015-11-01T09:22:32Z",
        "order": 60,
        "store": null,
        "name": "Aesop \u9999\u82b9\u7c7d\u6297\u6c27\u5316\u773c\u90e8\u7cbe\u534e 15ml "
    },
    "model": "order.orderproduct",
    "pk": 160
},
{
    "fields": {
        "product": null,
        "total_price_rmb": "300.00",
        "sell_price_rmb": "300.00",
        "cost_price_aud": "45.00",
        "total_price_aud": "45.00",
        "amount": 1,
        "create_time": "2015-11-05T04:22:38Z",
        "order": 61,
        "store": 1,
        "name": "Swisse \u7537\u6027\u590d\u5408\u7ef4\u751f\u7d20 150\u7247 "
    },
    "model": "order.orderproduct",
    "pk": 161
},
{
    "fields": {
        "product": 17,
        "total_price_rmb": "260.00",
        "sell_price_rmb": "130.00",
        "cost_price_aud": "19.00",
        "total_price_aud": "38.00",
        "amount": 2,
        "create_time": "2015-11-07T22:07:26Z",
        "order": 55,
        "store": null,
        "name": "Swisse \u9499\u7247+\u7ef4\u751f\u7d20D 150\u7247 "
    },
    "model": "order.orderproduct",
    "pk": 162
},
{
    "fields": {
        "product": 89,
        "total_price_rmb": "300.00",
        "sell_price_rmb": "100.00",
        "cost_price_aud": "12.00",
        "total_price_aud": "36.00",
        "amount": 3,
        "create_time": "2015-11-07T22:07:34Z",
        "order": 55,
        "store": null,
        "name": "Nu-Lax \u4e50\u5eb7\u818f 500g "
    },
    "model": "order.orderproduct",
    "pk": 163
},
{
    "fields": {
        "product": 81,
        "total_price_rmb": "480.00",
        "sell_price_rmb": "160.00",
        "cost_price_aud": "22.00",
        "total_price_aud": "66.00",
        "amount": 3,
        "create_time": "2015-11-07T22:12:47Z",
        "order": 62,
        "store": null,
        "name": "Healthy Care \u8702\u80f6 2000mg 200\u7c92 "
    },
    "model": "order.orderproduct",
    "pk": 164
},
{
    "fields": {
        "product": 51,
        "total_price_rmb": "420.00",
        "sell_price_rmb": "210.00",
        "cost_price_aud": "33.00",
        "total_price_aud": "66.00",
        "amount": 2,
        "create_time": "2015-11-08T11:43:25Z",
        "order": 63,
        "store": 1,
        "name": "Healthy Care \u6df1\u6d77\u9c9b\u9ca8\u70ef 1000mg 200\u7c92 "
    },
    "model": "order.orderproduct",
    "pk": 165
},
{
    "fields": {
        "product": 81,
        "total_price_rmb": "600.00",
        "sell_price_rmb": "150.00",
        "cost_price_aud": "22.00",
        "total_price_aud": "88.00",
        "amount": 4,
        "create_time": "2015-11-08T11:45:05Z",
        "order": 63,
        "store": 1,
        "name": "Healthy Care \u8702\u80f6 2000mg 200\u7c92 "
    },
    "model": "order.orderproduct",
    "pk": 166
},
{
    "fields": {
        "product": 31,
        "total_price_rmb": "700.00",
        "sell_price_rmb": "140.00",
        "cost_price_aud": "20.00",
        "total_price_aud": "100.00",
        "amount": 5,
        "create_time": "2015-11-08T11:46:09Z",
        "order": 63,
        "store": 1,
        "name": "Bio Island \u4e73\u9499 90\u7c92 "
    },
    "model": "order.orderproduct",
    "pk": 167
},
{
    "fields": {
        "product": null,
        "total_price_rmb": "950.00",
        "sell_price_rmb": "950.00",
        "cost_price_aud": "165.00",
        "total_price_aud": "165.00",
        "amount": 1,
        "create_time": "2015-11-08T11:46:48Z",
        "order": 64,
        "store": null,
        "name": "Fitbit Charge HR Black Small"
    },
    "model": "order.orderproduct",
    "pk": 168
},
{
    "fields": {
        "product": null,
        "total_price_rmb": "950.00",
        "sell_price_rmb": "950.00",
        "cost_price_aud": "165.00",
        "total_price_aud": "165.00",
        "amount": 1,
        "create_time": "2015-11-08T11:46:48Z",
        "order": 64,
        "store": null,
        "name": "Fitbit Charge HR Black Large"
    },
    "model": "order.orderproduct",
    "pk": 169
},
{
    "fields": {
        "product": 46,
        "total_price_rmb": "210.00",
        "sell_price_rmb": "35.00",
        "cost_price_aud": "5.00",
        "total_price_aud": "30.00",
        "amount": 6,
        "create_time": "2015-11-08T11:47:05Z",
        "order": 63,
        "store": 4,
        "name": "Lucas \u6728\u74dc\u818f 25ml "
    },
    "model": "order.orderproduct",
    "pk": 170
},
{
    "fields": {
        "product": null,
        "total_price_rmb": "100.00",
        "sell_price_rmb": "100.00",
        "cost_price_aud": "17.00",
        "total_price_aud": "17.00",
        "amount": 1,
        "create_time": "2015-11-08T11:48:19Z",
        "order": 63,
        "store": 1,
        "name": "Rhinocort \u9f3b\u708e\u55b7\u96fe"
    },
    "model": "order.orderproduct",
    "pk": 171
},
{
    "fields": {
        "product": null,
        "total_price_rmb": "200.00",
        "sell_price_rmb": "40.00",
        "cost_price_aud": "3.80",
        "total_price_aud": "19.00",
        "amount": 5,
        "create_time": "2015-11-08T12:05:08Z",
        "order": 61,
        "store": 1,
        "name": "Bellamy 4+\u7c73\u7cca"
    },
    "model": "order.orderproduct",
    "pk": 172
},
{
    "fields": {
        "product": null,
        "total_price_rmb": "40.00",
        "sell_price_rmb": "40.00",
        "cost_price_aud": "3.70",
        "total_price_aud": "3.70",
        "amount": 1,
        "create_time": "2015-11-08T12:05:08Z",
        "order": 61,
        "store": 1,
        "name": "Bellamy 5+\u7ca5"
    },
    "model": "order.orderproduct",
    "pk": 173
},
{
    "fields": {
        "product": null,
        "total_price_rmb": "40.00",
        "sell_price_rmb": "40.00",
        "cost_price_aud": "3.70",
        "total_price_aud": "3.70",
        "amount": 1,
        "create_time": "2015-11-08T12:05:08Z",
        "order": 61,
        "store": 1,
        "name": "Bellamy 6+\u7c73\u7cca \u82f9\u679c\u5473"
    },
    "model": "order.orderproduct",
    "pk": 174
},
{
    "fields": {
        "product": null,
        "total_price_rmb": "80.00",
        "sell_price_rmb": "40.00",
        "cost_price_aud": "4.00",
        "total_price_aud": "8.00",
        "amount": 2,
        "create_time": "2015-11-08T12:05:08Z",
        "order": 61,
        "store": 1,
        "name": "Bellamy 6+\u78e8\u7259\u68d2"
    },
    "model": "order.orderproduct",
    "pk": 175
},
{
    "fields": {
        "product": null,
        "total_price_rmb": "950.00",
        "sell_price_rmb": "950.00",
        "cost_price_aud": "165.00",
        "total_price_aud": "165.00",
        "amount": 1,
        "create_time": "2015-11-09T00:52:17Z",
        "order": 64,
        "store": null,
        "name": "Fitbit Charge HR Black Large"
    },
    "model": "order.orderproduct",
    "pk": 176
},
{
    "fields": {
        "product": null,
        "total_price_rmb": "950.00",
        "sell_price_rmb": "950.00",
        "cost_price_aud": "165.00",
        "total_price_aud": "165.00",
        "amount": 1,
        "create_time": "2015-11-12T04:33:20Z",
        "order": 64,
        "store": null,
        "name": "Fitbit Charge HR Black Large"
    },
    "model": "order.orderproduct",
    "pk": 177
},
{
    "fields": {
        "product": 65,
        "total_price_rmb": "1100.00",
        "sell_price_rmb": "1100.00",
        "cost_price_aud": "204.00",
        "total_price_aud": "204.00",
        "amount": 1,
        "create_time": "2015-11-17T10:05:46Z",
        "order": 65,
        "store": 7,
        "name": "Karicare \u7231\u4ed6\u7f8e\u91d1\u88c5\u52a0\u5f3a\u72484\u6bb5 900\u514b "
    },
    "model": "order.orderproduct",
    "pk": 178
},
{
    "fields": {
        "product": null,
        "total_price_rmb": "1.00",
        "sell_price_rmb": "1.00",
        "cost_price_aud": "1.00",
        "total_price_aud": "1.00",
        "amount": 1,
        "create_time": "2015-11-22T00:24:54Z",
        "order": 67,
        "store": null,
        "name": "\u62db\u884cmc\u5361"
    },
    "model": "order.orderproduct",
    "pk": 179
},
{
    "fields": {
        "product": null,
        "total_price_rmb": "1000.00",
        "sell_price_rmb": "1000.00",
        "cost_price_aud": "175.00",
        "total_price_aud": "175.00",
        "amount": 1,
        "create_time": "2015-11-27T04:10:27Z",
        "order": 68,
        "store": null,
        "name": "Aesop Cassiopeia Gift kit"
    },
    "model": "order.orderproduct",
    "pk": 180
},
{
    "fields": {
        "product": null,
        "total_price_rmb": "660.00",
        "sell_price_rmb": "660.00",
        "cost_price_aud": "120.00",
        "total_price_aud": "120.00",
        "amount": 1,
        "create_time": "2015-11-27T04:11:01Z",
        "order": 68,
        "store": null,
        "name": "Aesop Perfect Facial Hydrating Cream 60ml"
    },
    "model": "order.orderproduct",
    "pk": 181
},
{
    "fields": {
        "product": null,
        "total_price_rmb": "520.00",
        "sell_price_rmb": "520.00",
        "cost_price_aud": "87.00",
        "total_price_aud": "87.00",
        "amount": 1,
        "create_time": "2015-11-27T04:11:48Z",
        "order": 68,
        "store": null,
        "name": "Aesop Parsley Seed Anti-Oxidant Eye Cream 10ml"
    },
    "model": "order.orderproduct",
    "pk": 182
},
{
    "fields": {
        "product": null,
        "total_price_rmb": "360.00",
        "sell_price_rmb": "360.00",
        "cost_price_aud": "65.00",
        "total_price_aud": "65.00",
        "amount": 1,
        "create_time": "2015-11-27T04:12:14Z",
        "order": 68,
        "store": null,
        "name": "Aesop Parsley Seed Anti-Oxidant Facial Toner 200ml"
    },
    "model": "order.orderproduct",
    "pk": 183
},
{
    "fields": {
        "product": 43,
        "total_price_rmb": "1480.00",
        "sell_price_rmb": "370.00",
        "cost_price_aud": "43.00",
        "total_price_aud": "172.00",
        "amount": 4,
        "create_time": "2015-11-28T05:26:25Z",
        "order": 68,
        "store": 9,
        "name": "FreezeFrame \u6297\u8870\u8001\u773c\u971c 15ml "
    },
    "model": "order.orderproduct",
    "pk": 184
},
{
    "fields": {
        "product": 2,
        "total_price_rmb": "440.00",
        "sell_price_rmb": "110.00",
        "cost_price_aud": "11.00",
        "total_price_aud": "44.00",
        "amount": 4,
        "create_time": "2015-11-28T05:27:07Z",
        "order": 68,
        "store": 12,
        "name": "Devondale \u5fb7\u8fd0\u6210\u4eba\u5168\u8102\u5976\u7c89  1kg"
    },
    "model": "order.orderproduct",
    "pk": 185
},
{
    "fields": {
        "product": 88,
        "total_price_rmb": "440.00",
        "sell_price_rmb": "110.00",
        "cost_price_aud": "10.00",
        "total_price_aud": "40.00",
        "amount": 4,
        "create_time": "2015-11-28T05:27:36Z",
        "order": 68,
        "store": 12,
        "name": "Devondale \u8131\u8102\u6210\u4eba\u5976\u7c89 1kg "
    },
    "model": "order.orderproduct",
    "pk": 186
},
{
    "fields": {
        "product": 53,
        "total_price_rmb": "800.00",
        "sell_price_rmb": "400.00",
        "cost_price_aud": "27.00",
        "total_price_aud": "54.00",
        "amount": 2,
        "create_time": "2015-11-28T05:40:31Z",
        "order": 69,
        "store": null,
        "name": "Bellamy \u6709\u673a\u5a74\u513f\u5976\u7c891\u6bb5 "
    },
    "model": "order.orderproduct",
    "pk": 187
},
{
    "fields": {
        "product": 56,
        "total_price_rmb": "240.00",
        "sell_price_rmb": "240.00",
        "cost_price_aud": "30.00",
        "total_price_aud": "30.00",
        "amount": 1,
        "create_time": "2015-11-28T05:42:02Z",
        "order": 70,
        "store": 1,
        "name": "Ostelin \u7ef4\u751f\u7d20D+\u9499 300\u7247 "
    },
    "model": "order.orderproduct",
    "pk": 188
},
{
    "fields": {
        "product": 32,
        "total_price_rmb": "160.00",
        "sell_price_rmb": "160.00",
        "cost_price_aud": "25.00",
        "total_price_aud": "25.00",
        "amount": 1,
        "create_time": "2015-11-28T05:42:45Z",
        "order": 70,
        "store": 4,
        "name": "Bio Island DHA 60\u7c92 "
    },
    "model": "order.orderproduct",
    "pk": 189
},
{
    "fields": {
        "product": 91,
        "total_price_rmb": "90.00",
        "sell_price_rmb": "90.00",
        "cost_price_aud": "10.00",
        "total_price_aud": "10.00",
        "amount": 1,
        "create_time": "2015-11-28T05:53:43Z",
        "order": 70,
        "store": 1,
        "name": "Panadol Panadol 1-5\u5c81\u611f\u5192\u836f 200ml "
    },
    "model": "order.orderproduct",
    "pk": 190
},
{
    "fields": {
        "product": 92,
        "total_price_rmb": "380.00",
        "sell_price_rmb": "380.00",
        "cost_price_aud": "53.00",
        "total_price_aud": "53.00",
        "amount": 1,
        "create_time": "2015-11-28T05:54:21Z",
        "order": 70,
        "store": 1,
        "name": "Elevit Elevit \u5b55\u5987\u7ef4\u751f\u7d20 100\u7c92 "
    },
    "model": "order.orderproduct",
    "pk": 191
},
{
    "fields": {
        "product": 93,
        "total_price_rmb": "90.00",
        "sell_price_rmb": "90.00",
        "cost_price_aud": "12.00",
        "total_price_aud": "12.00",
        "amount": 1,
        "create_time": "2015-11-28T05:57:47Z",
        "order": 70,
        "store": 1,
        "name": "Nature's Way Kids Smart 50\u7c92 "
    },
    "model": "order.orderproduct",
    "pk": 192
},
{
    "fields": {
        "product": 2,
        "total_price_rmb": "440.00",
        "sell_price_rmb": "110.00",
        "cost_price_aud": "11.00",
        "total_price_aud": "44.00",
        "amount": 4,
        "create_time": "2015-11-29T06:15:48Z",
        "order": 71,
        "store": 12,
        "name": "Devondale \u5fb7\u8fd0\u6210\u4eba\u5168\u8102\u5976\u7c89  1kg"
    },
    "model": "order.orderproduct",
    "pk": 193
},
{
    "fields": {
        "product": 88,
        "total_price_rmb": "220.00",
        "sell_price_rmb": "110.00",
        "cost_price_aud": "11.50",
        "total_price_aud": "23.00",
        "amount": 2,
        "create_time": "2015-11-29T06:16:35Z",
        "order": 71,
        "store": 4,
        "name": "Devondale \u8131\u8102\u6210\u4eba\u5976\u7c89 1kg "
    },
    "model": "order.orderproduct",
    "pk": 194
},
{
    "fields": {
        "product": null,
        "total_price_rmb": "800.00",
        "sell_price_rmb": "800.00",
        "cost_price_aud": "140.00",
        "total_price_aud": "140.00",
        "amount": 1,
        "create_time": "2015-12-01T23:16:43Z",
        "order": 73,
        "store": null,
        "name": "Fitbit Charge HR Black Large"
    },
    "model": "order.orderproduct",
    "pk": 195
},
{
    "fields": {
        "product": 64,
        "total_price_rmb": "1350.00",
        "sell_price_rmb": "1350.00",
        "cost_price_aud": "265.00",
        "total_price_aud": "265.00",
        "amount": 1,
        "create_time": "2015-12-02T09:14:59Z",
        "order": 74,
        "store": 4,
        "name": "Karicare \u7231\u4ed6\u7f8e\u91d1\u88c5\u52a0\u5f3a\u72483\u6bb5 900\u514b "
    },
    "model": "order.orderproduct",
    "pk": 196
},
{
    "fields": {
        "product": 30,
        "total_price_rmb": "390.00",
        "sell_price_rmb": "130.00",
        "cost_price_aud": "17.00",
        "total_price_aud": "51.00",
        "amount": 3,
        "create_time": "2015-12-07T03:06:35Z",
        "order": 75,
        "store": 9,
        "name": "Bio Island \u950c 120\u7c92 "
    },
    "model": "order.orderproduct",
    "pk": 197
},
{
    "fields": {
        "product": 31,
        "total_price_rmb": "420.00",
        "sell_price_rmb": "140.00",
        "cost_price_aud": "17.50",
        "total_price_aud": "52.50",
        "amount": 3,
        "create_time": "2015-12-07T03:06:56Z",
        "order": 75,
        "store": 9,
        "name": "Bio Island \u4e73\u9499 90\u7c92 "
    },
    "model": "order.orderproduct",
    "pk": 198
},
{
    "fields": {
        "product": 33,
        "total_price_rmb": "280.00",
        "sell_price_rmb": "140.00",
        "cost_price_aud": "17.50",
        "total_price_aud": "35.00",
        "amount": 2,
        "create_time": "2015-12-07T03:07:22Z",
        "order": 75,
        "store": 9,
        "name": "Bio Island \u9c7c\u6cb9 90\u7c92 "
    },
    "model": "order.orderproduct",
    "pk": 199
},
{
    "fields": {
        "product": 32,
        "total_price_rmb": "280.00",
        "sell_price_rmb": "140.00",
        "cost_price_aud": "17.00",
        "total_price_aud": "34.00",
        "amount": 2,
        "create_time": "2015-12-07T03:07:48Z",
        "order": 75,
        "store": 9,
        "name": "Bio Island DHA 60\u7c92 "
    },
    "model": "order.orderproduct",
    "pk": 200
},
{
    "fields": {
        "product": 28,
        "total_price_rmb": "1400.00",
        "sell_price_rmb": "1400.00",
        "cost_price_aud": "280.00",
        "total_price_aud": "280.00",
        "amount": 1,
        "create_time": "2015-12-07T07:28:30Z",
        "order": 76,
        "store": null,
        "name": "Bellamy \u6709\u673a\u5a74\u513f\u5976\u7c893\u6bb5 "
    },
    "model": "order.orderproduct",
    "pk": 201
},
{
    "fields": {
        "product": 52,
        "total_price_rmb": "2400.00",
        "sell_price_rmb": "1200.00",
        "cost_price_aud": "230.00",
        "total_price_aud": "460.00",
        "amount": 2,
        "create_time": "2015-12-07T07:29:38Z",
        "order": 77,
        "store": 4,
        "name": "Bellamy \u6709\u673a\u5a74\u513f\u5976\u7c892\u6bb5 "
    },
    "model": "order.orderproduct",
    "pk": 202
},
{
    "fields": {
        "product": 8,
        "total_price_rmb": "750.00",
        "sell_price_rmb": "250.00",
        "cost_price_aud": "33.00",
        "total_price_aud": "99.00",
        "amount": 3,
        "create_time": "2015-12-08T11:07:58Z",
        "order": 75,
        "store": 9,
        "name": "Comvita UMF 5+ \u9ea6\u5362\u5361\u8702\u871c  500g"
    },
    "model": "order.orderproduct",
    "pk": 203
},
{
    "fields": {
        "product": 2,
        "total_price_rmb": "100.00",
        "sell_price_rmb": "100.00",
        "cost_price_aud": "10.00",
        "total_price_aud": "10.00",
        "amount": 1,
        "create_time": "2015-12-08T11:08:34Z",
        "order": 75,
        "store": 9,
        "name": "Devondale \u5fb7\u8fd0\u6210\u4eba\u5168\u8102\u5976\u7c89  1kg"
    },
    "model": "order.orderproduct",
    "pk": 204
},
{
    "fields": {
        "product": 88,
        "total_price_rmb": "100.00",
        "sell_price_rmb": "100.00",
        "cost_price_aud": "11.00",
        "total_price_aud": "11.00",
        "amount": 1,
        "create_time": "2015-12-08T11:10:02Z",
        "order": 75,
        "store": 12,
        "name": "Devondale \u8131\u8102\u6210\u4eba\u5976\u7c89 1kg "
    },
    "model": "order.orderproduct",
    "pk": 205
},
{
    "fields": {
        "remarks": "Footwear",
        "parent_category": null,
        "name": "Footwear"
    },
    "model": "product.category",
    "pk": 1
},
{
    "fields": {
        "remarks": "",
        "parent_category": null,
        "name": "Milk"
    },
    "model": "product.category",
    "pk": 2
},
{
    "fields": {
        "remarks": "",
        "parent_category": null,
        "name": "Health"
    },
    "model": "product.category",
    "pk": 3
},
{
    "fields": {
        "remarks": "",
        "parent_category": 3,
        "name": "Women Health"
    },
    "model": "product.category",
    "pk": 4
},
{
    "fields": {
        "remarks": "",
        "parent_category": 3,
        "name": "Men Health"
    },
    "model": "product.category",
    "pk": 5
},
{
    "fields": {
        "remarks": "",
        "parent_category": 3,
        "name": "Old Health"
    },
    "model": "product.category",
    "pk": 6
},
{
    "fields": {
        "remarks": "",
        "parent_category": 3,
        "name": "Children Health"
    },
    "model": "product.category",
    "pk": 7
},
{
    "fields": {
        "remarks": "",
        "parent_category": null,
        "name": "Daily Life"
    },
    "model": "product.category",
    "pk": 8
},
{
    "fields": {
        "remarks": "",
        "parent_category": null,
        "name": "Cosmetic"
    },
    "model": "product.category",
    "pk": 9
},
{
    "fields": {
        "remarks": "",
        "parent_category": 9,
        "name": "Facial"
    },
    "model": "product.category",
    "pk": 10
},
{
    "fields": {
        "remarks": "",
        "parent_category": 9,
        "name": "Skin"
    },
    "model": "product.category",
    "pk": 11
},
{
    "fields": {
        "remarks": "",
        "parent_category": 9,
        "name": "Hair"
    },
    "model": "product.category",
    "pk": 12
},
{
    "fields": {
        "remarks": "",
        "parent_category": null,
        "name": "Sports"
    },
    "model": "product.category",
    "pk": 13
},
{
    "fields": {
        "remarks": "",
        "parent_category": null,
        "name": "Electric"
    },
    "model": "product.category",
    "pk": 14
},
{
    "fields": {
        "remarks": "",
        "parent_category": null,
        "name": "Bag"
    },
    "model": "product.category",
    "pk": 15
},
{
    "fields": {
        "remarks": "",
        "parent_category": null,
        "name": "Clothes"
    },
    "model": "product.category",
    "pk": 16
},
{
    "fields": {
        "remarks": "",
        "country": 2,
        "name_en": "New Balance",
        "category": [
            1
        ],
        "name_cn": "xinbailun"
    },
    "model": "product.brand",
    "pk": 1
},
{
    "fields": {
        "remarks": "",
        "country": 3,
        "name_en": "Swisse",
        "category": [
            3
        ],
        "name_cn": "Swisse"
    },
    "model": "product.brand",
    "pk": 2
},
{
    "fields": {
        "remarks": "",
        "country": 3,
        "name_en": "Blackmores",
        "category": [
            3
        ],
        "name_cn": "\u6fb3\u4f73\u5b9d"
    },
    "model": "product.brand",
    "pk": 3
},
{
    "fields": {
        "remarks": "",
        "country": 3,
        "name_en": "Healthy Care",
        "category": [
            3
        ],
        "name_cn": "Healthy Care"
    },
    "model": "product.brand",
    "pk": 4
},
{
    "fields": {
        "remarks": "",
        "country": 3,
        "name_en": "Karicare",
        "category": [
            2
        ],
        "name_cn": "\u53ef\u745e\u5eb7\u7231\u4ed6\u7f8e"
    },
    "model": "product.brand",
    "pk": 5
},
{
    "fields": {
        "remarks": "",
        "country": 3,
        "name_en": "Bellamy",
        "category": [
            2
        ],
        "name_cn": "\u8d1d\u62c9\u7c73"
    },
    "model": "product.brand",
    "pk": 6
},
{
    "fields": {
        "remarks": "",
        "country": null,
        "name_en": "Devondale",
        "category": [
            2
        ],
        "name_cn": "\u5fb7\u8fd0"
    },
    "model": "product.brand",
    "pk": 7
},
{
    "fields": {
        "remarks": "",
        "country": 3,
        "name_en": "Bio Island",
        "category": [
            3,
            7
        ],
        "name_cn": "Bio Island"
    },
    "model": "product.brand",
    "pk": 8
},
{
    "fields": {
        "remarks": "",
        "country": 3,
        "name_en": "Jurlique",
        "category": [
            9
        ],
        "name_cn": "\u8331\u8389\u853b"
    },
    "model": "product.brand",
    "pk": 9
},
{
    "fields": {
        "remarks": "",
        "country": 3,
        "name_en": "Aesop",
        "category": [
            9
        ],
        "name_cn": "\u4f0a\u7d22"
    },
    "model": "product.brand",
    "pk": 10
},
{
    "fields": {
        "remarks": "",
        "country": 3,
        "name_en": "Trilogy",
        "category": [
            9
        ],
        "name_cn": "\u8da3\u4e50\u6d3b"
    },
    "model": "product.brand",
    "pk": 11
},
{
    "fields": {
        "remarks": "",
        "country": 3,
        "name_en": "Sukin",
        "category": [
            9
        ],
        "name_cn": "\u82cf\u828a"
    },
    "model": "product.brand",
    "pk": 12
},
{
    "fields": {
        "remarks": "",
        "country": 3,
        "name_en": "Skins",
        "category": [
            13
        ],
        "name_cn": "\u601d\u91d1\u65af"
    },
    "model": "product.brand",
    "pk": 13
},
{
    "fields": {
        "remarks": "",
        "country": 3,
        "name_en": "Life Space",
        "category": [
            7
        ],
        "name_cn": "Life Space"
    },
    "model": "product.brand",
    "pk": 14
},
{
    "fields": {
        "remarks": "",
        "country": 3,
        "name_en": "Hairdresser",
        "category": [
            3
        ],
        "name_cn": "Hairdresser"
    },
    "model": "product.brand",
    "pk": 15
},
{
    "fields": {
        "remarks": "",
        "country": 5,
        "name_en": "Thermos",
        "category": [
            8
        ],
        "name_cn": "\u81b3\u9b54\u5e08"
    },
    "model": "product.brand",
    "pk": 16
},
{
    "fields": {
        "remarks": "",
        "country": 3,
        "name_en": "Nature's Way",
        "category": [
            3
        ],
        "name_cn": "\u7136\u8403\u7ef4"
    },
    "model": "product.brand",
    "pk": 17
},
{
    "fields": {
        "remarks": "",
        "country": 3,
        "name_en": "Comvita",
        "category": [
            3
        ],
        "name_cn": "\u5eb7\u7ef4\u4ed6"
    },
    "model": "product.brand",
    "pk": 18
},
{
    "fields": {
        "remarks": "",
        "country": 3,
        "name_en": "Nu-Lax",
        "category": [
            3
        ],
        "name_cn": "Nu-Lax"
    },
    "model": "product.brand",
    "pk": 19
},
{
    "fields": {
        "remarks": "",
        "country": 3,
        "name_en": "FreezeFrame",
        "category": [
            11
        ],
        "name_cn": "FreezeFrame"
    },
    "model": "product.brand",
    "pk": 20
},
{
    "fields": {
        "remarks": "",
        "country": 3,
        "name_en": "Dermatix",
        "category": [
            11
        ],
        "name_cn": "\u8212\u75d5"
    },
    "model": "product.brand",
    "pk": 21
},
{
    "fields": {
        "remarks": "",
        "country": 3,
        "name_en": "Scholl",
        "category": [
            3,
            14
        ],
        "name_cn": "Scholl"
    },
    "model": "product.brand",
    "pk": 22
},
{
    "fields": {
        "remarks": "",
        "country": 3,
        "name_en": "DU'IT",
        "category": [
            3
        ],
        "name_cn": "DU'IT"
    },
    "model": "product.brand",
    "pk": 23
},
{
    "fields": {
        "remarks": "",
        "country": 3,
        "name_en": "Banana Boat",
        "category": [
            7
        ],
        "name_cn": "\u9999\u8549\u8239"
    },
    "model": "product.brand",
    "pk": 24
},
{
    "fields": {
        "remarks": "",
        "country": 3,
        "name_en": "Aerogard",
        "category": [
            3
        ],
        "name_cn": "Aerogard"
    },
    "model": "product.brand",
    "pk": 25
},
{
    "fields": {
        "remarks": "",
        "country": 3,
        "name_en": "Lucas",
        "category": [
            9
        ],
        "name_cn": "Lucas"
    },
    "model": "product.brand",
    "pk": 26
},
{
    "fields": {
        "remarks": "",
        "country": 3,
        "name_en": "Proctosedyl",
        "category": [
            3
        ],
        "name_cn": "Proctosedyl"
    },
    "model": "product.brand",
    "pk": 27
},
{
    "fields": {
        "remarks": "",
        "country": 3,
        "name_en": "Wealthy Health",
        "category": [
            3
        ],
        "name_cn": "Wealthy Health"
    },
    "model": "product.brand",
    "pk": 28
},
{
    "fields": {
        "remarks": "",
        "country": null,
        "name_en": "Nutrilon",
        "category": [
            2
        ],
        "name_cn": "\u725b\u680f"
    },
    "model": "product.brand",
    "pk": 29
},
{
    "fields": {
        "remarks": "",
        "country": 3,
        "name_en": "Ostelin",
        "category": [
            3
        ],
        "name_cn": "Ostelin"
    },
    "model": "product.brand",
    "pk": 30
},
{
    "fields": {
        "remarks": "",
        "country": 3,
        "name_en": "Redwin",
        "category": [
            8
        ],
        "name_cn": "Redwin"
    },
    "model": "product.brand",
    "pk": 31
},
{
    "fields": {
        "remarks": "",
        "country": 3,
        "name_en": "Moroccanoil",
        "category": [
            12
        ],
        "name_cn": "\u6469\u6d1b\u54e5\u53d1\u6cb9"
    },
    "model": "product.brand",
    "pk": 32
},
{
    "fields": {
        "remarks": "",
        "country": 3,
        "name_en": "Goat Soap",
        "category": [],
        "name_cn": "Goat Soap"
    },
    "model": "product.brand",
    "pk": 33
},
{
    "fields": {
        "remarks": "",
        "country": 3,
        "name_en": "Red Seal",
        "category": [
            3
        ],
        "name_cn": "Red Seal"
    },
    "model": "product.brand",
    "pk": 34
},
{
    "fields": {
        "remarks": "",
        "country": null,
        "name_en": "Lamisil",
        "category": [
            3
        ],
        "name_cn": ""
    },
    "model": "product.brand",
    "pk": 35
},
{
    "fields": {
        "remarks": "",
        "country": 3,
        "name_en": "Royal Nectar",
        "category": [
            10
        ],
        "name_cn": "Royal Nectar"
    },
    "model": "product.brand",
    "pk": 36
},
{
    "fields": {
        "remarks": "",
        "country": 3,
        "name_en": "Panadol",
        "category": [],
        "name_cn": "Panadol"
    },
    "model": "product.brand",
    "pk": 37
},
{
    "fields": {
        "remarks": "",
        "country": 3,
        "name_en": "Elevit",
        "category": [],
        "name_cn": "\u7231\u4e50\u7ef4"
    },
    "model": "product.brand",
    "pk": 38
},
{
    "fields": {
        "category": [
            1
        ],
        "safe_sell_price": null,
        "normal_price": null,
        "brand": 1,
        "pic": "",
        "name_cn": "NB W890",
        "page": [],
        "wx_url": null,
        "wd_url": null,
        "bargain_price": "40.00",
        "name_en": "NB W890",
        "spec2": null,
        "spec3": null,
        "tb_url": null,
        "spec1": null
    },
    "model": "product.product",
    "pk": 1
},
{
    "fields": {
        "category": [
            2
        ],
        "safe_sell_price": "125.00",
        "normal_price": "11.00",
        "brand": 7,
        "pic": "",
        "name_cn": "\u5fb7\u8fd0\u6210\u4eba\u5168\u8102\u5976\u7c89",
        "page": [],
        "wx_url": null,
        "wd_url": null,
        "bargain_price": "7.00",
        "name_en": "Devondale creamy one instant milk powder",
        "spec2": "",
        "spec3": "",
        "tb_url": null,
        "spec1": "1kg"
    },
    "model": "product.product",
    "pk": 2
},
{
    "fields": {
        "category": [
            3
        ],
        "safe_sell_price": "200.00",
        "normal_price": "30.00",
        "brand": 15,
        "pic": "",
        "name_cn": "Hairdresser\u5934\u53d1\u8425\u517b\u7d20",
        "page": [],
        "wx_url": null,
        "wd_url": null,
        "bargain_price": null,
        "name_en": "Hairdresser's Formula Hair Nutrition For Women",
        "spec2": "",
        "spec3": "",
        "tb_url": null,
        "spec1": "women"
    },
    "model": "product.product",
    "pk": 3
},
{
    "fields": {
        "category": [
            8
        ],
        "safe_sell_price": "260.00",
        "normal_price": "30.00",
        "brand": 16,
        "pic": "product/Thermos_Thermos-Insulated-470ml-Food-Jar.jpg",
        "name_cn": "\u81b3\u9b54\u5e08\u4fdd\u6e29\u76d2470ml",
        "page": [],
        "wx_url": null,
        "wd_url": null,
        "bargain_price": "25.00",
        "name_en": "Thermos Insulated 470ml Food Jar",
        "spec2": "",
        "spec3": "",
        "tb_url": null,
        "spec1": ""
    },
    "model": "product.product",
    "pk": 4
},
{
    "fields": {
        "category": [
            3
        ],
        "safe_sell_price": "180.00",
        "normal_price": "21.00",
        "brand": 17,
        "pic": "product/Nature's-Way_Nature's-Way-Restore-Bowel-and-Colon_30\u7c92.png",
        "name_cn": "\u7ed3\u80a0\u5eb7",
        "page": [],
        "wx_url": null,
        "wd_url": null,
        "bargain_price": null,
        "name_en": "Nature's Way Restore Bowel and Colon",
        "spec2": "",
        "spec3": "",
        "tb_url": null,
        "spec1": "30\u7c92"
    },
    "model": "product.product",
    "pk": 5
},
{
    "fields": {
        "category": [
            3,
            4
        ],
        "safe_sell_price": "160.00",
        "normal_price": "21.00",
        "brand": 2,
        "pic": "product/Swisse_Ultiboost-Organic-Evening-Primrose-Oil-+-Vitamin-B6_200\u7c92.jpg",
        "name_cn": "\u6708\u89c1\u8349",
        "page": [],
        "wx_url": null,
        "wd_url": null,
        "bargain_price": "18.00",
        "name_en": "Ultiboost Organic Evening Primrose Oil + Vitamin B6",
        "spec2": "",
        "spec3": "",
        "tb_url": null,
        "spec1": "200\u7c92"
    },
    "model": "product.product",
    "pk": 6
},
{
    "fields": {
        "category": [
            3
        ],
        "safe_sell_price": "150.00",
        "normal_price": "20.00",
        "brand": 3,
        "pic": "product/Blackmores_Bilberry-Eyestrain-Relief_30\u7247.jpg",
        "name_cn": "\u84dd\u8393\u7d20\u62a4\u773c\u7247",
        "page": [],
        "wx_url": null,
        "wd_url": null,
        "bargain_price": "16.00",
        "name_en": "Bilberry Eyestrain Relief",
        "spec2": "",
        "spec3": "",
        "tb_url": null,
        "spec1": "30\u7247"
    },
    "model": "product.product",
    "pk": 7
},
{
    "fields": {
        "category": [
            3
        ],
        "safe_sell_price": "220.00",
        "normal_price": "34.00",
        "brand": 18,
        "pic": "product/Comvita_UMF-5+-Manuka-Honey_500g.jpg",
        "name_cn": "UMF 5+ \u9ea6\u5362\u5361\u8702\u871c",
        "page": [],
        "wx_url": null,
        "wd_url": null,
        "bargain_price": null,
        "name_en": "UMF 5+ Manuka Honey",
        "spec2": "",
        "spec3": "",
        "tb_url": null,
        "spec1": "500g"
    },
    "model": "product.product",
    "pk": 8
},
{
    "fields": {
        "category": [
            10
        ],
        "safe_sell_price": "70.00",
        "normal_price": "8.40",
        "brand": 12,
        "pic": "product/Sukin_Foaming-Facial-Cleanser_125ml.jpg",
        "name_cn": "\u6709\u673a\u6d01\u9762\u6ce1\u6cab\u6d17\u9762\u5976",
        "page": [],
        "wx_url": null,
        "wd_url": null,
        "bargain_price": null,
        "name_en": "Foaming Facial Cleanser",
        "spec2": "",
        "spec3": "",
        "tb_url": null,
        "spec1": "125ml"
    },
    "model": "product.product",
    "pk": 9
},
{
    "fields": {
        "category": [
            10
        ],
        "safe_sell_price": "110.00",
        "normal_price": "8.40",
        "brand": 12,
        "pic": "product/Sukin_\u5929\u7136\u4fdd\u6e7f\u55b7\u96fe\u723d\u80a4\u6c34_125ml.jpg",
        "name_cn": "\u5929\u7136\u4fdd\u6e7f\u55b7\u96fe\u723d\u80a4\u6c34",
        "page": [],
        "wx_url": null,
        "wd_url": null,
        "bargain_price": null,
        "name_en": "Hydrating Mist Toner",
        "spec2": "",
        "spec3": "",
        "tb_url": null,
        "spec1": "125ml"
    },
    "model": "product.product",
    "pk": 10
},
{
    "fields": {
        "category": [
            10
        ],
        "safe_sell_price": "110.00",
        "normal_price": "8.40",
        "brand": 12,
        "pic": "product/Sukin_Facial-Moisturiser_125ml.jpg",
        "name_cn": "\u5929\u7136\u4fdd\u6e7f\u4e73\u6db2\u9762\u971c",
        "page": [],
        "wx_url": null,
        "wd_url": null,
        "bargain_price": null,
        "name_en": "Facial Moisturiser",
        "spec2": "",
        "spec3": "",
        "tb_url": null,
        "spec1": "125ml"
    },
    "model": "product.product",
    "pk": 11
},
{
    "fields": {
        "category": [
            4
        ],
        "safe_sell_price": "180.00",
        "normal_price": "21.00",
        "brand": 2,
        "pic": "",
        "name_cn": "\u6708\u89c1\u8349\u6cb9\u8f6f\u80f6\u56ca+\u7ef4\u751f\u7d20B6",
        "page": [],
        "wx_url": null,
        "wd_url": null,
        "bargain_price": null,
        "name_en": "\u6708\u89c1\u8349\u6cb9\u8f6f\u80f6\u56ca+\u7ef4\u751f\u7d20B6",
        "spec2": "",
        "spec3": "",
        "tb_url": null,
        "spec1": "200 tablets"
    },
    "model": "product.product",
    "pk": 12
},
{
    "fields": {
        "category": [
            4
        ],
        "safe_sell_price": "190.00",
        "normal_price": null,
        "brand": 2,
        "pic": "product/Swisse_Pregnancy-+-Ultivite-90-Capsules.jpg",
        "name_cn": "\u5b55\u5987\u7efc\u5408\u7ef4\u751f\u7d20\u80f6\u56ca 90\u7c92",
        "page": [],
        "wx_url": null,
        "wd_url": null,
        "bargain_price": null,
        "name_en": "Pregnancy + Ultivite 90 Capsules",
        "spec2": "",
        "spec3": "",
        "tb_url": null,
        "spec1": ""
    },
    "model": "product.product",
    "pk": 13
},
{
    "fields": {
        "category": [
            5
        ],
        "safe_sell_price": "220.00",
        "normal_price": null,
        "brand": 2,
        "pic": "product/Swisse_Ultiboost-Prostate-50-Tablets.jpg",
        "name_cn": "\u524d\u5217\u817a\u5eb7\u7247 50\u7247",
        "page": [],
        "wx_url": null,
        "wd_url": null,
        "bargain_price": null,
        "name_en": "Ultiboost Prostate 50 Tablets",
        "spec2": "",
        "spec3": "",
        "tb_url": null,
        "spec1": ""
    },
    "model": "product.product",
    "pk": 14
},
{
    "fields": {
        "category": [
            6
        ],
        "safe_sell_price": "300.00",
        "normal_price": "39.00",
        "brand": 2,
        "pic": "product/Swisse_Women-Ultivite-50+-90-Tablets.jpg",
        "name_cn": "50\u5c81\u4ee5\u4e0a\u8001\u5e74\u5973\u58eb\u590d\u5408\u7ef4\u751f\u7d20 90\u7247",
        "page": [],
        "wx_url": null,
        "wd_url": null,
        "bargain_price": null,
        "name_en": "Women Ultivite 50+ 90 Tablets",
        "spec2": "",
        "spec3": "",
        "tb_url": null,
        "spec1": ""
    },
    "model": "product.product",
    "pk": 15
},
{
    "fields": {
        "category": [
            6
        ],
        "safe_sell_price": "300.00",
        "normal_price": "39.00",
        "brand": 2,
        "pic": "product/Swisse_Men-Ultivite-50+-90-Tablets.jpg",
        "name_cn": "50\u5c81\u4ee5\u4e0a\u8001\u5e74\u7537\u58eb\u590d\u5408\u7ef4\u751f\u7d20 90\u7247",
        "page": [],
        "wx_url": null,
        "wd_url": null,
        "bargain_price": null,
        "name_en": "Men Ultivite 50+ 90 Tablets",
        "spec2": "",
        "spec3": "",
        "tb_url": null,
        "spec1": ""
    },
    "model": "product.product",
    "pk": 16
},
{
    "fields": {
        "category": [
            3
        ],
        "safe_sell_price": "120.00",
        "normal_price": "9.00",
        "brand": 2,
        "pic": "product/Swisse_Ultiboost-Calcium+Vitamin-D-150-Tablets.jpg",
        "name_cn": "\u9499\u7247+\u7ef4\u751f\u7d20D 150\u7247",
        "page": [],
        "wx_url": null,
        "wd_url": null,
        "bargain_price": null,
        "name_en": "Ultiboost Calcium+Vitamin D 150 Tablets",
        "spec2": "",
        "spec3": "",
        "tb_url": null,
        "spec1": ""
    },
    "model": "product.product",
    "pk": 17
},
{
    "fields": {
        "category": [
            4
        ],
        "safe_sell_price": "240.00",
        "normal_price": "29.00",
        "brand": 2,
        "pic": "product/Swisse_Women-Ultivite-120-Tablets.jpg",
        "name_cn": "\u5973\u6027\u590d\u5408\u7ef4\u751f\u7d20 120\u7247",
        "page": [],
        "wx_url": null,
        "wd_url": null,
        "bargain_price": null,
        "name_en": "Women Ultivite 120 Tablets",
        "spec2": "",
        "spec3": "",
        "tb_url": null,
        "spec1": ""
    },
    "model": "product.product",
    "pk": 18
},
{
    "fields": {
        "category": [
            5
        ],
        "safe_sell_price": "240.00",
        "normal_price": "29.00",
        "brand": 2,
        "pic": "product/Swisse_Men-Ultivite-120-Tablets.jpg",
        "name_cn": "\u7537\u6027\u590d\u5408\u7ef4\u751f\u7d20 120\u7247",
        "page": [],
        "wx_url": null,
        "wd_url": null,
        "bargain_price": null,
        "name_en": "Men Ultivite 120 Tablets",
        "spec2": "",
        "spec3": "",
        "tb_url": null,
        "spec1": ""
    },
    "model": "product.product",
    "pk": 19
},
{
    "fields": {
        "category": [
            4
        ],
        "safe_sell_price": "150.00",
        "normal_price": "12.00",
        "brand": 2,
        "pic": "product/Swisse_Chlorophyll-Spearmint-500ml.jpg",
        "name_cn": "\u53f6\u7eff\u7d20\u8584\u8377\u5473 500ml",
        "page": [],
        "wx_url": null,
        "wd_url": null,
        "bargain_price": "10.00",
        "name_en": "Chlorophyll Spearmint 500ml",
        "spec2": "",
        "spec3": "",
        "tb_url": null,
        "spec1": ""
    },
    "model": "product.product",
    "pk": 20
},
{
    "fields": {
        "category": [
            3
        ],
        "safe_sell_price": "150.00",
        "normal_price": "14.00",
        "brand": 2,
        "pic": "product/Swisse_Ultiboost-Sleep-100-Tablets.jpg",
        "name_cn": "\u7761\u7720\u7247 100\u7247",
        "page": [],
        "wx_url": null,
        "wd_url": null,
        "bargain_price": null,
        "name_en": "Ultiboost Sleep 100 Tablets",
        "spec2": "",
        "spec3": "",
        "tb_url": null,
        "spec1": ""
    },
    "model": "product.product",
    "pk": 21
},
{
    "fields": {
        "category": [
            5
        ],
        "safe_sell_price": "250.00",
        "normal_price": "30.00",
        "brand": 2,
        "pic": "product/Swisse_Ultiboost-Liver-Detox-120-Tablets.jpg",
        "name_cn": "\u62a4\u809d\u7247 120\u7c92",
        "page": [],
        "wx_url": null,
        "wd_url": null,
        "bargain_price": "20.00",
        "name_en": "Ultiboost Liver Detox 120 Tablets",
        "spec2": "",
        "spec3": "",
        "tb_url": null,
        "spec1": ""
    },
    "model": "product.product",
    "pk": 22
},
{
    "fields": {
        "category": [
            4
        ],
        "safe_sell_price": "240.00",
        "normal_price": "30.00",
        "brand": 2,
        "pic": "product/Swisse_Ultiboost-Grape-Seed-180-Tablets.jpg",
        "name_cn": "\u8461\u8404\u7c7d 180\u7c92",
        "page": [],
        "wx_url": null,
        "wd_url": null,
        "bargain_price": null,
        "name_en": "Ultiboost Grape Seed 180 Tablets",
        "spec2": "",
        "spec3": "",
        "tb_url": null,
        "spec1": ""
    },
    "model": "product.product",
    "pk": 23
},
{
    "fields": {
        "category": [
            4
        ],
        "safe_sell_price": "130.00",
        "normal_price": "14.00",
        "brand": 2,
        "pic": "product/Swisse_Ultiboost-High-Strength-Cranberry-30-Capsules.jpg",
        "name_cn": "\u8513\u8d8a\u8393 30\u7c92",
        "page": [],
        "wx_url": null,
        "wd_url": null,
        "bargain_price": null,
        "name_en": "Ultiboost High Strength Cranberry 30 Capsules",
        "spec2": "",
        "spec3": "",
        "tb_url": null,
        "spec1": ""
    },
    "model": "product.product",
    "pk": 24
},
{
    "fields": {
        "category": [
            4
        ],
        "safe_sell_price": "580.00",
        "normal_price": "88.00",
        "brand": 2,
        "pic": "",
        "name_cn": "\u8513\u8d8a\u8393",
        "page": [],
        "wx_url": null,
        "wd_url": null,
        "bargain_price": null,
        "name_en": "\u8513\u8d8a\u8393",
        "spec2": "",
        "spec3": "",
        "tb_url": null,
        "spec1": "180 tablets"
    },
    "model": "product.product",
    "pk": 25
},
{
    "fields": {
        "category": [
            4
        ],
        "safe_sell_price": "200.00",
        "normal_price": "24.00",
        "brand": 2,
        "pic": "product/Swisse_Ultiboost-Hair-Skin-Nails-500ml.jpg",
        "name_cn": "\u80f6\u539f\u86cb\u767d 500ml",
        "page": [],
        "wx_url": null,
        "wd_url": null,
        "bargain_price": "17.00",
        "name_en": "Ultiboost Hair Skin Nails 500ml",
        "spec2": "",
        "spec3": "",
        "tb_url": null,
        "spec1": ""
    },
    "model": "product.product",
    "pk": 26
},
{
    "fields": {
        "category": [
            4
        ],
        "safe_sell_price": "140.00",
        "normal_price": "12.00",
        "brand": 2,
        "pic": "product/Swisse_Chlorophyll-Mixed-Berry_500ml.jpg",
        "name_cn": "\u53f6\u7eff\u7d20\u53e3\u670d\u6db2 \u6885\u5b50\u5473",
        "page": [],
        "wx_url": null,
        "wd_url": null,
        "bargain_price": "10.00",
        "name_en": "Chlorophyll Mixed Berry",
        "spec2": "",
        "spec3": "",
        "tb_url": null,
        "spec1": "500ml"
    },
    "model": "product.product",
    "pk": 27
},
{
    "fields": {
        "category": [
            2
        ],
        "safe_sell_price": "180.00",
        "normal_price": "20.00",
        "brand": 6,
        "pic": "product/Bellamy_Bellamy\u2018s-organic-toddler-milk-step-3.jpg",
        "name_cn": "\u6709\u673a\u5a74\u513f\u5976\u7c893\u6bb5",
        "page": [],
        "wx_url": null,
        "wd_url": null,
        "bargain_price": "18.00",
        "name_en": "Bellamy\u2018s organic toddler milk step 3",
        "spec2": "",
        "spec3": "",
        "tb_url": null,
        "spec1": ""
    },
    "model": "product.product",
    "pk": 28
},
{
    "fields": {
        "category": [
            11
        ],
        "safe_sell_price": "250.00",
        "normal_price": "35.00",
        "brand": 20,
        "pic": "",
        "name_cn": "BB\u971c 30ml",
        "page": [],
        "wx_url": null,
        "wd_url": null,
        "bargain_price": null,
        "name_en": "BB Blur 30ml",
        "spec2": "",
        "spec3": "",
        "tb_url": null,
        "spec1": ""
    },
    "model": "product.product",
    "pk": 29
},
{
    "fields": {
        "category": [],
        "safe_sell_price": "150.00",
        "normal_price": "17.00",
        "brand": 8,
        "pic": "product/Bio-Island_Zinc-120tablets.jpg",
        "name_cn": "\u950c 120\u7c92",
        "page": [],
        "wx_url": null,
        "wd_url": null,
        "bargain_price": null,
        "name_en": "Zinc 120tablets",
        "spec2": "",
        "spec3": "",
        "tb_url": null,
        "spec1": ""
    },
    "model": "product.product",
    "pk": 30
},
{
    "fields": {
        "category": [
            7
        ],
        "safe_sell_price": "170.00",
        "normal_price": "20.00",
        "brand": 8,
        "pic": "product/Bio-Island_Milk-Calcium-90-caps.jpg",
        "name_cn": "\u4e73\u9499 90\u7c92",
        "page": [],
        "wx_url": null,
        "wd_url": null,
        "bargain_price": null,
        "name_en": "Milk Calcium 90 caps",
        "spec2": "",
        "spec3": "",
        "tb_url": null,
        "spec1": ""
    },
    "model": "product.product",
    "pk": 31
},
{
    "fields": {
        "category": [
            7
        ],
        "safe_sell_price": "150.00",
        "normal_price": "17.00",
        "brand": 8,
        "pic": "product/Bio-Island_DHA-60-Caps.jpg",
        "name_cn": "DHA 60\u7c92",
        "page": [],
        "wx_url": null,
        "wd_url": null,
        "bargain_price": null,
        "name_en": "DHA 60 Caps",
        "spec2": "",
        "spec3": "",
        "tb_url": null,
        "spec1": ""
    },
    "model": "product.product",
    "pk": 32
},
{
    "fields": {
        "category": [
            7
        ],
        "safe_sell_price": "170.00",
        "normal_price": "20.00",
        "brand": 8,
        "pic": "product/Bio-Island_Fish-Oil-90-Caps.jpg",
        "name_cn": "\u9c7c\u6cb9 90\u7c92",
        "page": [],
        "wx_url": null,
        "wd_url": null,
        "bargain_price": null,
        "name_en": "Fish Oil 90 Caps",
        "spec2": "",
        "spec3": "",
        "tb_url": null,
        "spec1": ""
    },
    "model": "product.product",
    "pk": 33
},
{
    "fields": {
        "category": [],
        "safe_sell_price": "130.00",
        "normal_price": "12.00",
        "brand": 3,
        "pic": "",
        "name_cn": "VE\u9762\u971c",
        "page": [],
        "wx_url": null,
        "wd_url": null,
        "bargain_price": null,
        "name_en": "Vitamin E Cream",
        "spec2": "",
        "spec3": "",
        "tb_url": null,
        "spec1": ""
    },
    "model": "product.product",
    "pk": 35
},
{
    "fields": {
        "category": [
            11
        ],
        "safe_sell_price": "370.00",
        "normal_price": "45.00",
        "brand": 21,
        "pic": "",
        "name_cn": "\u75a4\u75d5\u818f 15\u514b",
        "page": [],
        "wx_url": null,
        "wd_url": null,
        "bargain_price": null,
        "name_en": "Scar Reduction Gel 15g",
        "spec2": "",
        "spec3": "",
        "tb_url": null,
        "spec1": ""
    },
    "model": "product.product",
    "pk": 36
},
{
    "fields": {
        "category": [
            7
        ],
        "safe_sell_price": "160.00",
        "normal_price": "26.00",
        "brand": 14,
        "pic": "product/Life-Space_Probiotic-Powder-for-Children-60g.jpg",
        "name_cn": "\u76ca\u751f\u83cc\u513f\u7ae5\u7248 60g",
        "page": [],
        "wx_url": null,
        "wd_url": null,
        "bargain_price": "20.00",
        "name_en": "Probiotic Powder for Children 60g",
        "spec2": "",
        "spec3": "",
        "tb_url": null,
        "spec1": ""
    },
    "model": "product.product",
    "pk": 37
},
{
    "fields": {
        "category": [
            3
        ],
        "safe_sell_price": null,
        "normal_price": "33.00",
        "brand": 22,
        "pic": "",
        "name_cn": "\u7535\u52a8\u4fee\u811a\u5668",
        "page": [],
        "wx_url": null,
        "wd_url": null,
        "bargain_price": null,
        "name_en": "Velvet Smooth",
        "spec2": "",
        "spec3": "",
        "tb_url": null,
        "spec1": ""
    },
    "model": "product.product",
    "pk": 38
},
{
    "fields": {
        "category": [
            3
        ],
        "safe_sell_price": "90.00",
        "normal_price": "10.00",
        "brand": 23,
        "pic": "",
        "name_cn": "\u811a\u8ddf\u9f9f\u88c2\u818f",
        "page": [],
        "wx_url": null,
        "wd_url": null,
        "bargain_price": null,
        "name_en": "Foot and Heel Balm",
        "spec2": "",
        "spec3": "",
        "tb_url": null,
        "spec1": ""
    },
    "model": "product.product",
    "pk": 39
},
{
    "fields": {
        "category": [
            7
        ],
        "safe_sell_price": "90.00",
        "normal_price": "9.00",
        "brand": 24,
        "pic": "",
        "name_cn": "SPF 50+ \u513f\u7ae5\u6eda\u73e0\u9632\u6652\u971c",
        "page": [],
        "wx_url": null,
        "wd_url": null,
        "bargain_price": null,
        "name_en": "SPF 50+ Kids Roll On",
        "spec2": "",
        "spec3": "",
        "tb_url": null,
        "spec1": ""
    },
    "model": "product.product",
    "pk": 40
},
{
    "fields": {
        "category": [
            3
        ],
        "safe_sell_price": "110.00",
        "normal_price": "10.00",
        "brand": 25,
        "pic": "",
        "name_cn": "\u9632\u868a\u55b7\u96fe 175ml",
        "page": [],
        "wx_url": null,
        "wd_url": null,
        "bargain_price": null,
        "name_en": "Odourless Protection 175ml",
        "spec2": "",
        "spec3": "",
        "tb_url": null,
        "spec1": ""
    },
    "model": "product.product",
    "pk": 41
},
{
    "fields": {
        "category": [
            11
        ],
        "safe_sell_price": "410.00",
        "normal_price": "68.00",
        "brand": 20,
        "pic": "",
        "name_cn": "\u7f8e\u767d\u7cbe\u534e\u9762\u971c 30ml ",
        "page": [],
        "wx_url": null,
        "wd_url": null,
        "bargain_price": null,
        "name_en": "Hyper White 30ml ",
        "spec2": "",
        "spec3": "",
        "tb_url": null,
        "spec1": ""
    },
    "model": "product.product",
    "pk": 42
},
{
    "fields": {
        "category": [
            10
        ],
        "safe_sell_price": "370.00",
        "normal_price": "46.00",
        "brand": 20,
        "pic": "",
        "name_cn": "\u6297\u8870\u8001\u773c\u971c 15ml",
        "page": [],
        "wx_url": null,
        "wd_url": null,
        "bargain_price": null,
        "name_en": "Revital Eyes",
        "spec2": "",
        "spec3": "",
        "tb_url": null,
        "spec1": ""
    },
    "model": "product.product",
    "pk": 43
},
{
    "fields": {
        "category": [
            3
        ],
        "safe_sell_price": "370.00",
        "normal_price": "46.00",
        "brand": 20,
        "pic": "",
        "name_cn": "\u7626\u8eab\u971c 100g",
        "page": [],
        "wx_url": null,
        "wd_url": null,
        "bargain_price": null,
        "name_en": "Tummy Tuck 100g",
        "spec2": "",
        "spec3": "",
        "tb_url": null,
        "spec1": ""
    },
    "model": "product.product",
    "pk": 44
},
{
    "fields": {
        "category": [
            3
        ],
        "safe_sell_price": "300.00",
        "normal_price": "44.00",
        "brand": 20,
        "pic": "",
        "name_cn": "\u4e30\u80f8\u818f 100ml",
        "page": [],
        "wx_url": null,
        "wd_url": null,
        "bargain_price": null,
        "name_en": "Breast Enhancer 100ml",
        "spec2": "",
        "spec3": "",
        "tb_url": null,
        "spec1": ""
    },
    "model": "product.product",
    "pk": 45
},
{
    "fields": {
        "category": [
            11
        ],
        "safe_sell_price": "50.00",
        "normal_price": "5.00",
        "brand": 26,
        "pic": "",
        "name_cn": "\u6728\u74dc\u818f 25ml",
        "page": [],
        "wx_url": null,
        "wd_url": null,
        "bargain_price": null,
        "name_en": "Papaw Ointment 25ml",
        "spec2": "",
        "spec3": "",
        "tb_url": null,
        "spec1": ""
    },
    "model": "product.product",
    "pk": 46
},
{
    "fields": {
        "category": [
            3
        ],
        "safe_sell_price": "120.00",
        "normal_price": "16.00",
        "brand": 27,
        "pic": "",
        "name_cn": "Proctosedyl \u75d4\u75ae\u818f 30g",
        "page": [],
        "wx_url": null,
        "wd_url": null,
        "bargain_price": null,
        "name_en": "Proctosedyl Ointment 30g",
        "spec2": "",
        "spec3": "",
        "tb_url": null,
        "spec1": ""
    },
    "model": "product.product",
    "pk": 47
},
{
    "fields": {
        "category": [
            10
        ],
        "safe_sell_price": "200.00",
        "normal_price": "26.00",
        "brand": 11,
        "pic": "product/Trilogy_Rosehip-Oil-Antioxidant-30ml.jpg",
        "name_cn": "\u73ab\u7470\u679c\u6cb9\u6297\u6c27\u5316\u7248 30ml",
        "page": [],
        "wx_url": null,
        "wd_url": null,
        "bargain_price": "22.00",
        "name_en": "Rosehip Oil Antioxidant 30ml",
        "spec2": "",
        "spec3": "",
        "tb_url": null,
        "spec1": ""
    },
    "model": "product.product",
    "pk": 48
},
{
    "fields": {
        "category": [
            3
        ],
        "safe_sell_price": "220.00",
        "normal_price": "27.00",
        "brand": 28,
        "pic": "",
        "name_cn": "\u6e05\u80ba\u7075 60\u7c92",
        "page": [],
        "wx_url": null,
        "wd_url": null,
        "bargain_price": null,
        "name_en": "PM-Lung Support 60Tabs",
        "spec2": "",
        "spec3": "",
        "tb_url": null,
        "spec1": ""
    },
    "model": "product.product",
    "pk": 49
},
{
    "fields": {
        "category": [
            3
        ],
        "safe_sell_price": "280.00",
        "normal_price": "37.00",
        "brand": 3,
        "pic": "",
        "name_cn": "\u5929\u7136\u7ef4\u751f\u7d20E 500IU 150\u7c92",
        "page": [],
        "wx_url": null,
        "wd_url": null,
        "bargain_price": null,
        "name_en": "Natural Vitamin E 500IU 150Caps",
        "spec2": "",
        "spec3": "",
        "tb_url": null,
        "spec1": ""
    },
    "model": "product.product",
    "pk": 50
},
{
    "fields": {
        "category": [
            3
        ],
        "safe_sell_price": "220.00",
        "normal_price": "33.00",
        "brand": 4,
        "pic": "",
        "name_cn": "\u6df1\u6d77\u9c9b\u9ca8\u70ef 1000mg 200\u7c92",
        "page": [],
        "wx_url": null,
        "wd_url": null,
        "bargain_price": null,
        "name_en": "Squalene 1000mg 200 Caps",
        "spec2": "",
        "spec3": "",
        "tb_url": null,
        "spec1": ""
    },
    "model": "product.product",
    "pk": 51
},
{
    "fields": {
        "category": [
            2
        ],
        "safe_sell_price": "1120.00",
        "normal_price": "204.00",
        "brand": 6,
        "pic": "product/Bellamy_Bellamy\u2018s-organic-toddler-milk-step-2.jpg",
        "name_cn": "\u6709\u673a\u5a74\u513f\u5976\u7c892\u6bb5",
        "page": [],
        "wx_url": null,
        "wd_url": null,
        "bargain_price": null,
        "name_en": "organic toddler milk step 2",
        "spec2": "",
        "spec3": "",
        "tb_url": null,
        "spec1": ""
    },
    "model": "product.product",
    "pk": 52
},
{
    "fields": {
        "category": [
            2
        ],
        "safe_sell_price": "1100.00",
        "normal_price": "198.00",
        "brand": 6,
        "pic": "product/Bellamy_Bellamy\u2018s-organic-toddler-milk-step-1.jpg",
        "name_cn": "\u6709\u673a\u5a74\u513f\u5976\u7c891\u6bb5",
        "page": [],
        "wx_url": null,
        "wd_url": null,
        "bargain_price": null,
        "name_en": "organic toddler milk step 1",
        "spec2": "",
        "spec3": "",
        "tb_url": null,
        "spec1": ""
    },
    "model": "product.product",
    "pk": 53
},
{
    "fields": {
        "category": [
            2
        ],
        "safe_sell_price": "200.00",
        "normal_price": "145.00",
        "brand": 29,
        "pic": "product/Nutrilon_Standard-1-infant-formula.jpg",
        "name_cn": "\u5a74\u5e7c\u513f\u6807\u51c6\u914d\u65b9\u5976\u7c891\u6bb5",
        "page": [],
        "wx_url": null,
        "wd_url": null,
        "bargain_price": null,
        "name_en": "Standard 1 infant formula",
        "spec2": "",
        "spec3": "",
        "tb_url": null,
        "spec1": ""
    },
    "model": "product.product",
    "pk": 54
},
{
    "fields": {
        "category": [
            2
        ],
        "safe_sell_price": "200.00",
        "normal_price": "155.00",
        "brand": 29,
        "pic": "product/Nutrilon_Standard-2-infant-formula.jpg",
        "name_cn": "\u5a74\u5e7c\u513f\u6807\u51c6\u914d\u65b9\u5976\u7c892\u6bb5",
        "page": [],
        "wx_url": null,
        "wd_url": null,
        "bargain_price": null,
        "name_en": "Standard 2 infant formula",
        "spec2": "",
        "spec3": "",
        "tb_url": null,
        "spec1": ""
    },
    "model": "product.product",
    "pk": 55
},
{
    "fields": {
        "category": [
            3
        ],
        "safe_sell_price": "280.00",
        "normal_price": "30.00",
        "brand": 30,
        "pic": "product/Ostelin_Vitamin-D-&-Calcium.jpg",
        "name_cn": "\u7ef4\u751f\u7d20D+\u9499 300\u7247",
        "page": [],
        "wx_url": null,
        "wd_url": null,
        "bargain_price": null,
        "name_en": "Vitamin D & Calcium 300Tabs",
        "spec2": "",
        "spec3": "",
        "tb_url": null,
        "spec1": ""
    },
    "model": "product.product",
    "pk": 56
},
{
    "fields": {
        "category": [
            7
        ],
        "safe_sell_price": "90.00",
        "normal_price": "10.00",
        "brand": 30,
        "pic": "product/Ostelin_Vitamin-D-&-Calcium-Kids-Chewable-50Tabs.jpg",
        "name_cn": "\u513f\u7ae5\u7ef4\u751f\u7d20D+\u9499\u5480\u56bc\u7247 50\u7247",
        "page": [],
        "wx_url": null,
        "wd_url": null,
        "bargain_price": null,
        "name_en": "Vitamin D & Calcium Kids Chewable 50Tabs",
        "spec2": "",
        "spec3": "",
        "tb_url": null,
        "spec1": ""
    },
    "model": "product.product",
    "pk": 57
},
{
    "fields": {
        "category": [
            8
        ],
        "safe_sell_price": "50.00",
        "normal_price": "5.00",
        "brand": 31,
        "pic": "product/Redwin_Tea-Tree-Shampoo.jpg",
        "name_cn": "\u8336\u6811\u7cbe\u6cb9\u6d17\u53d1\u6c34",
        "page": [],
        "wx_url": null,
        "wd_url": null,
        "bargain_price": null,
        "name_en": "Tea Tree Shampoo",
        "spec2": "",
        "spec3": "",
        "tb_url": null,
        "spec1": ""
    },
    "model": "product.product",
    "pk": 58
},
{
    "fields": {
        "category": [
            8
        ],
        "safe_sell_price": "50.00",
        "normal_price": "5.00",
        "brand": 31,
        "pic": "product/Redwin_Coal-Tar-Shampoo.jpg",
        "name_cn": "\u7164\u7126\u6cb9\u6d17\u53d1\u6c34",
        "page": [],
        "wx_url": null,
        "wd_url": null,
        "bargain_price": null,
        "name_en": "Coal Tar Shampoo",
        "spec2": "",
        "spec3": "",
        "tb_url": null,
        "spec1": ""
    },
    "model": "product.product",
    "pk": 59
},
{
    "fields": {
        "category": [
            12
        ],
        "safe_sell_price": "290.00",
        "normal_price": "42.00",
        "brand": 32,
        "pic": "product/Moroccanoil_Light-Treatment.jpg",
        "name_cn": "Light",
        "page": [],
        "wx_url": null,
        "wd_url": null,
        "bargain_price": "38.00",
        "name_en": "Light Treatment",
        "spec2": "",
        "spec3": "",
        "tb_url": null,
        "spec1": ""
    },
    "model": "product.product",
    "pk": 60
},
{
    "fields": {
        "category": [
            10
        ],
        "safe_sell_price": "380.00",
        "normal_price": "69.00",
        "brand": 10,
        "pic": "product/Aesop_Parsley-Seed-Anti-Oxidant-Serum-100ml.jpg",
        "name_cn": "\u9999\u82b9\u7c7d\u6297\u6c27\u5316\u7cbe\u534e 100ml",
        "page": [],
        "wx_url": null,
        "wd_url": null,
        "bargain_price": null,
        "name_en": "Parsley Seed Anti-Oxidant Serum 100ml",
        "spec2": "",
        "spec3": "",
        "tb_url": null,
        "spec1": ""
    },
    "model": "product.product",
    "pk": 61
},
{
    "fields": {
        "category": [
            2
        ],
        "safe_sell_price": "150.00",
        "normal_price": "25.00",
        "brand": 5,
        "pic": "product/Karicare_Aptamil-Gold+-1-Formula-900g.jpg",
        "name_cn": "\u7231\u4ed6\u7f8e\u91d1\u88c5\u52a0\u5f3a\u72481\u6bb5 900\u514b",
        "page": [],
        "wx_url": null,
        "wd_url": null,
        "bargain_price": null,
        "name_en": "Aptamil Gold+ 1 Formula 900g",
        "spec2": "",
        "spec3": "",
        "tb_url": null,
        "spec1": ""
    },
    "model": "product.product",
    "pk": 62
},
{
    "fields": {
        "category": [
            2
        ],
        "safe_sell_price": "155.00",
        "normal_price": "25.00",
        "brand": 5,
        "pic": "product/Karicare_Aptamil-Gold+-2-Formula-900g.jpg",
        "name_cn": "\u7231\u4ed6\u7f8e\u91d1\u88c5\u52a0\u5f3a\u72482\u6bb5 900\u514b",
        "page": [],
        "wx_url": null,
        "wd_url": null,
        "bargain_price": null,
        "name_en": "Aptamil Gold+ 2 Formula 900g",
        "spec2": "",
        "spec3": "",
        "tb_url": null,
        "spec1": ""
    },
    "model": "product.product",
    "pk": 63
},
{
    "fields": {
        "category": [],
        "safe_sell_price": "135.00",
        "normal_price": "19.00",
        "brand": 5,
        "pic": "product/Karicare_Aptamil-Gold+-3-Formula-900g.jpg",
        "name_cn": "\u7231\u4ed6\u7f8e\u91d1\u88c5\u52a0\u5f3a\u72483\u6bb5 900\u514b",
        "page": [],
        "wx_url": null,
        "wd_url": null,
        "bargain_price": null,
        "name_en": "Aptamil Gold+ 3 Formula 900g",
        "spec2": "",
        "spec3": "",
        "tb_url": null,
        "spec1": ""
    },
    "model": "product.product",
    "pk": 64
},
{
    "fields": {
        "category": [
            2
        ],
        "safe_sell_price": "135.00",
        "normal_price": "19.00",
        "brand": 5,
        "pic": "product/Karicare_Aptamil-Gold+-4-Formula-900g.jpg",
        "name_cn": "\u7231\u4ed6\u7f8e\u91d1\u88c5\u52a0\u5f3a\u72484\u6bb5 900\u514b",
        "page": [],
        "wx_url": null,
        "wd_url": null,
        "bargain_price": null,
        "name_en": "Aptamil Gold+ 4 Formula 900g",
        "spec2": "",
        "spec3": "",
        "tb_url": null,
        "spec1": ""
    },
    "model": "product.product",
    "pk": 65
},
{
    "fields": {
        "category": [
            3
        ],
        "safe_sell_price": "160.00",
        "normal_price": "24.00",
        "brand": 3,
        "pic": "product/Blackmores_Fish-Oil-1000mg-400-Caps.jpg",
        "name_cn": "\u6df1\u6d77\u9c7c\u6cb9",
        "page": [],
        "wx_url": null,
        "wd_url": null,
        "bargain_price": "19.00",
        "name_en": "Fish Oil 1000mg 400 Caps",
        "spec2": "",
        "spec3": "",
        "tb_url": null,
        "spec1": ""
    },
    "model": "product.product",
    "pk": 66
},
{
    "fields": {
        "category": [
            7
        ],
        "safe_sell_price": "90.00",
        "normal_price": "8.00",
        "brand": 17,
        "pic": "product/Nature's-Way_Kids-Smart-Vita-Gummies-Immunity-60.jpg",
        "name_cn": "\u63d0\u9ad8\u514d\u75ab\u529b\u6297\u611f\u5192\u80f6\u56ca 60\u7c92",
        "page": [],
        "wx_url": null,
        "wd_url": null,
        "bargain_price": "7.00",
        "name_en": "Kids Smart Vita Gummies Immunity 60",
        "spec2": "",
        "spec3": "",
        "tb_url": null,
        "spec1": ""
    },
    "model": "product.product",
    "pk": 67
},
{
    "fields": {
        "category": [
            7
        ],
        "safe_sell_price": "90.00",
        "normal_price": "8.00",
        "brand": 17,
        "pic": "product/Nature's-Way_Kids-Smart-Vita-Gummies-Multi-Vitamin-&-Vegies-60.jpg",
        "name_cn": "\u590d\u5408\u7ef4\u751f\u7d20+\u852c\u83dc\u7cbe\u534e\u7ef4C 60\u7c92",
        "page": [],
        "wx_url": null,
        "wd_url": null,
        "bargain_price": "7.00",
        "name_en": "Kids Smart Vita Gummies Multi Vitamin & Vegies 60",
        "spec2": "",
        "spec3": "",
        "tb_url": null,
        "spec1": ""
    },
    "model": "product.product",
    "pk": 68
},
{
    "fields": {
        "category": [
            8
        ],
        "safe_sell_price": "25.00",
        "normal_price": "3.00",
        "brand": 33,
        "pic": "product/Goat-Soap_Goat-Soap.jpg",
        "name_cn": "Goat Soap 100g",
        "page": [],
        "wx_url": null,
        "wd_url": null,
        "bargain_price": "2.50",
        "name_en": "Goat Soap 100g",
        "spec2": "",
        "spec3": "",
        "tb_url": null,
        "spec1": ""
    },
    "model": "product.product",
    "pk": 69
},
{
    "fields": {
        "category": [
            10
        ],
        "safe_sell_price": "260.00",
        "normal_price": "30.00",
        "brand": 11,
        "pic": "product/Trilogy_Certified-Organic-Rosehip-Oil-45ml.jpg",
        "name_cn": "\u8ba4\u8bc1\u6709\u673a\u73ab\u7470\u679c\u6cb9 45ml",
        "page": [],
        "wx_url": null,
        "wd_url": null,
        "bargain_price": "24.00",
        "name_en": "Certified Organic Rosehip Oil 45ml",
        "spec2": "",
        "spec3": "",
        "tb_url": null,
        "spec1": ""
    },
    "model": "product.product",
    "pk": 70
},
{
    "fields": {
        "category": [
            3,
            12
        ],
        "safe_sell_price": "80.00",
        "normal_price": "8.40",
        "brand": 12,
        "pic": "product/Sukin_Conditioner-500ml.jpg",
        "name_cn": "\u62a4\u53d1\u7d20 500ml",
        "page": [],
        "wx_url": null,
        "wd_url": null,
        "bargain_price": "7.00",
        "name_en": "Conditioner 500ml",
        "spec2": "",
        "spec3": "",
        "tb_url": null,
        "spec1": ""
    },
    "model": "product.product",
    "pk": 71
},
{
    "fields": {
        "category": [
            8
        ],
        "safe_sell_price": "40.00",
        "normal_price": "7.00",
        "brand": 18,
        "pic": "product/Comvita_Natural-Propolis-Toothpaste-100g.jpg",
        "name_cn": "\u5929\u7136\u8702\u80f6\u7259\u818f 100g",
        "page": [],
        "wx_url": null,
        "wd_url": null,
        "bargain_price": "6.00",
        "name_en": "Natural Propolis Toothpaste 100g",
        "spec2": "",
        "spec3": "",
        "tb_url": null,
        "spec1": ""
    },
    "model": "product.product",
    "pk": 72
},
{
    "fields": {
        "category": [
            10
        ],
        "safe_sell_price": "280.00",
        "normal_price": "45.00",
        "brand": 20,
        "pic": "product/FreezeFrame_Lash-Prescription.jpg",
        "name_cn": "\u776b\u6bdb\u589e\u957f\u6db2",
        "page": [],
        "wx_url": null,
        "wd_url": null,
        "bargain_price": null,
        "name_en": "Lash Prescription",
        "spec2": "",
        "spec3": "",
        "tb_url": null,
        "spec1": ""
    },
    "model": "product.product",
    "pk": 73
},
{
    "fields": {
        "category": [
            3
        ],
        "safe_sell_price": "70.00",
        "normal_price": "5.00",
        "brand": 34,
        "pic": "product/Red-Seal_Blackstrap-Molasses.jpg",
        "name_cn": "\u9ed1\u7cd6",
        "page": [],
        "wx_url": "",
        "wd_url": "",
        "bargain_price": null,
        "name_en": "Blackstrap Molasses",
        "spec2": "",
        "spec3": "",
        "tb_url": "",
        "spec1": ""
    },
    "model": "product.product",
    "pk": 74
},
{
    "fields": {
        "category": [
            3
        ],
        "safe_sell_price": "90.00",
        "normal_price": "10.00",
        "brand": 4,
        "pic": "product/Healthy-Care_Super-Lecithin-1200mg-100-Caps.jpg",
        "name_cn": "\u5375\u78f7\u8102\u80f6\u56ca 100\u7c92",
        "page": [],
        "wx_url": null,
        "wd_url": null,
        "bargain_price": null,
        "name_en": "Super Lecithin 1200mg 100 Caps",
        "spec2": "",
        "spec3": "",
        "tb_url": null,
        "spec1": ""
    },
    "model": "product.product",
    "pk": 75
},
{
    "fields": {
        "category": [
            7
        ],
        "safe_sell_price": "220.00",
        "normal_price": "35.00",
        "brand": 14,
        "pic": "product/Life-Space_Probiotic-Powder-for-Baby-60g.jpg",
        "name_cn": "\u76ca\u751f\u83cc\u5a74\u513f\u7248 60g",
        "page": [],
        "wx_url": null,
        "wd_url": null,
        "bargain_price": "30.00",
        "name_en": "Probiotic Powder for Baby 60g",
        "spec2": "",
        "spec3": "",
        "tb_url": null,
        "spec1": ""
    },
    "model": "product.product",
    "pk": 76
},
{
    "fields": {
        "category": [
            3
        ],
        "safe_sell_price": "110.00",
        "normal_price": "16.00",
        "brand": 35,
        "pic": "product/Lamisil_Cream-15g.jpg",
        "name_cn": "Cream 15g",
        "page": [],
        "wx_url": "",
        "wd_url": "",
        "bargain_price": null,
        "name_en": "Cream 15g",
        "spec2": "",
        "spec3": "",
        "tb_url": "",
        "spec1": ""
    },
    "model": "product.product",
    "pk": 77
},
{
    "fields": {
        "category": [
            10
        ],
        "safe_sell_price": "270.00",
        "normal_price": "45.00",
        "brand": 36,
        "pic": "product/Royal-Nectar_Bee-Venom-Original-Face-Mask-50ml.jpg",
        "name_cn": "\u8702\u6bd2\u9762\u819c 50ml",
        "page": [],
        "wx_url": null,
        "wd_url": null,
        "bargain_price": null,
        "name_en": "Bee Venom Original Face Mask 50ml",
        "spec2": "",
        "spec3": "",
        "tb_url": null,
        "spec1": ""
    },
    "model": "product.product",
    "pk": 78
},
{
    "fields": {
        "category": [
            10
        ],
        "safe_sell_price": "260.00",
        "normal_price": "43.00",
        "brand": 36,
        "pic": "product/Royal-Nectar_Moisturesing-Face-Lift-50ml.jpg",
        "name_cn": "\u8702\u6bd2\u9762\u971c 50ml",
        "page": [],
        "wx_url": null,
        "wd_url": null,
        "bargain_price": null,
        "name_en": "Moisturesing Face Lift 50ml",
        "spec2": "",
        "spec3": "",
        "tb_url": null,
        "spec1": ""
    },
    "model": "product.product",
    "pk": 79
},
{
    "fields": {
        "category": [
            3
        ],
        "safe_sell_price": "420.00",
        "normal_price": "64.00",
        "brand": 18,
        "pic": "product/Comvita_5+-Manuka-Honey-1kg.jpg",
        "name_cn": "5+ \u9ea6\u5362\u5361\u8702\u871c 1kg",
        "page": [],
        "wx_url": null,
        "wd_url": null,
        "bargain_price": "59.00",
        "name_en": "5+ Manuka Honey 1kg",
        "spec2": "",
        "spec3": "",
        "tb_url": null,
        "spec1": ""
    },
    "model": "product.product",
    "pk": 80
},
{
    "fields": {
        "category": [
            3
        ],
        "safe_sell_price": "160.00",
        "normal_price": "22.00",
        "brand": 4,
        "pic": "product/Healthy-Care_Propolis-2000mg-200Caps.jpg",
        "name_cn": "\u8702\u80f6 2000mg 200\u7c92",
        "page": [],
        "wx_url": "",
        "wd_url": "",
        "bargain_price": null,
        "name_en": "Propolis 2000mg 200Caps",
        "spec2": "",
        "spec3": "",
        "tb_url": "",
        "spec1": ""
    },
    "model": "product.product",
    "pk": 81
},
{
    "fields": {
        "category": [
            12
        ],
        "safe_sell_price": "95.00",
        "normal_price": "8.40",
        "brand": 12,
        "pic": "",
        "name_cn": "\u6d17\u53d1\u6c34 500ml",
        "page": [],
        "wx_url": null,
        "wd_url": null,
        "bargain_price": "7.00",
        "name_en": "Shampoo 500ml",
        "spec2": "",
        "spec3": "",
        "tb_url": null,
        "spec1": ""
    },
    "model": "product.product",
    "pk": 82
},
{
    "fields": {
        "category": [
            2
        ],
        "safe_sell_price": "240.00",
        "normal_price": "33.00",
        "brand": 5,
        "pic": "product/Karicare_Goat-Infant-Formula-1.jpg",
        "name_cn": "\u7f8a\u5976\u7c891\u6bb5",
        "page": [],
        "wx_url": "",
        "wd_url": "",
        "bargain_price": null,
        "name_en": "Goat Infant Formula 1",
        "spec2": "",
        "spec3": "",
        "tb_url": "",
        "spec1": ""
    },
    "model": "product.product",
    "pk": 83
},
{
    "fields": {
        "category": [
            2
        ],
        "safe_sell_price": "300.00",
        "normal_price": "39.00",
        "brand": 5,
        "pic": "product/Karicare_Goat-Infant-Formula-2.jpg",
        "name_cn": "\u7f8a\u5976\u7c892\u6bb5",
        "page": [],
        "wx_url": "",
        "wd_url": "",
        "bargain_price": null,
        "name_en": "Goat Infant Formula 2",
        "spec2": "",
        "spec3": "",
        "tb_url": "",
        "spec1": ""
    },
    "model": "product.product",
    "pk": 84
},
{
    "fields": {
        "category": [
            10
        ],
        "safe_sell_price": "510.00",
        "normal_price": "75.00",
        "brand": 10,
        "pic": "product/Aesop_Damascan-Rose-Facial-Treatment.png",
        "name_cn": "\u5927\u9a6c\u58eb\u9769\u73ab\u7470\u7cbe\u6cb9 25ml",
        "page": [],
        "wx_url": "",
        "wd_url": "",
        "bargain_price": null,
        "name_en": "Damascan Rose Facial Treatment 25ml",
        "spec2": "",
        "spec3": "",
        "tb_url": "",
        "spec1": ""
    },
    "model": "product.product",
    "pk": 85
},
{
    "fields": {
        "category": [
            10
        ],
        "safe_sell_price": "520.00",
        "normal_price": "81.00",
        "brand": 10,
        "pic": "product/Aesop_Parsley-Seed-Anti-Oxidant-Eye-Serum-15ml.png",
        "name_cn": "\u9999\u82b9\u7c7d\u6297\u6c27\u5316\u773c\u90e8\u7cbe\u534e 15ml",
        "page": [],
        "wx_url": "",
        "wd_url": "",
        "bargain_price": null,
        "name_en": "Parsley Seed Anti-Oxidant Eye Serum 15ml",
        "spec2": "",
        "spec3": "",
        "tb_url": "",
        "spec1": ""
    },
    "model": "product.product",
    "pk": 86
},
{
    "fields": {
        "category": [
            10
        ],
        "safe_sell_price": "550.00",
        "normal_price": "87.00",
        "brand": 10,
        "pic": "product/Aesop_Parsley-Seed-Anti-Oxidant-Eye-Cream-10ml.png",
        "name_cn": "\u9999\u82b9\u7c7d\u6297\u6c27\u5316\u773c\u971c 10ml",
        "page": [],
        "wx_url": "",
        "wd_url": "",
        "bargain_price": null,
        "name_en": "Parsley Seed Anti-Oxidant Eye Cream 10ml",
        "spec2": "",
        "spec3": "",
        "tb_url": "",
        "spec1": ""
    },
    "model": "product.product",
    "pk": 87
},
{
    "fields": {
        "category": [],
        "safe_sell_price": "110.00",
        "normal_price": "9.00",
        "brand": 7,
        "pic": "product/Devondale_\u8131\u8102\u6210\u4eba\u5976\u7c89-1kg.jpg",
        "name_cn": "\u8131\u8102\u6210\u4eba\u5976\u7c89 1kg",
        "page": [],
        "wx_url": "",
        "wd_url": "",
        "bargain_price": "8.00",
        "name_en": "instant skim milk powder 1kg",
        "spec2": "",
        "spec3": "",
        "tb_url": "",
        "spec1": ""
    },
    "model": "product.product",
    "pk": 88
},
{
    "fields": {
        "category": [],
        "safe_sell_price": "120.00",
        "normal_price": "13.00",
        "brand": 19,
        "pic": "product/Nu-Lax_Fruit-Laxative-500g.jpg",
        "name_cn": "\u4e50\u5eb7\u818f 500g",
        "page": [],
        "wx_url": "",
        "wd_url": "",
        "bargain_price": null,
        "name_en": "Fruit Laxative 500g",
        "spec2": "",
        "spec3": "",
        "tb_url": "",
        "spec1": ""
    },
    "model": "product.product",
    "pk": 89
},
{
    "fields": {
        "category": [],
        "safe_sell_price": "90.00",
        "normal_price": "12.00",
        "brand": 37,
        "pic": "product/Panadol_Panadol-Child-1-5-Years-200mL.jpg",
        "name_cn": "Panadol 1-5\u5c81\u611f\u5192\u836f 200ml",
        "page": [],
        "wx_url": "",
        "wd_url": "",
        "bargain_price": "10.00",
        "name_en": "Panadol Child 1-5 Years 200mL",
        "spec2": "",
        "spec3": "",
        "tb_url": "",
        "spec1": ""
    },
    "model": "product.product",
    "pk": 91
},
{
    "fields": {
        "category": [],
        "safe_sell_price": "380.00",
        "normal_price": "53.00",
        "brand": 38,
        "pic": "product/Elevit_Elevit-Pregnancy-100-Tabs.jpg",
        "name_cn": "Elevit \u5b55\u5987\u7ef4\u751f\u7d20 100\u7c92",
        "page": [],
        "wx_url": "",
        "wd_url": "",
        "bargain_price": null,
        "name_en": "Elevit Pregnancy 100 Tabs",
        "spec2": "",
        "spec3": "",
        "tb_url": "",
        "spec1": ""
    },
    "model": "product.product",
    "pk": 92
},
{
    "fields": {
        "category": [
            3
        ],
        "safe_sell_price": "90.00",
        "normal_price": "12.00",
        "brand": 17,
        "pic": "product/Nature's-Way_Kids-Smart-50-Tabs.jpg",
        "name_cn": "Kids Smart 50\u7c92",
        "page": [],
        "wx_url": "",
        "wd_url": "",
        "bargain_price": "7.50",
        "name_en": "Kids Smart 50 Tabs",
        "spec2": "",
        "spec3": "",
        "tb_url": "",
        "spec1": ""
    },
    "model": "product.product",
    "pk": 93
},
{
    "fields": {
        "shipping_rate": "",
        "search_url": "http://www.chemistwarehouse.com.au/",
        "name": "ChemistWarehouse",
        "short_name": "CW",
        "domain": "http://www.chemistwarehouse.com.au/",
        "address": ""
    },
    "model": "store.store",
    "pk": 1
},
{
    "fields": {
        "shipping_rate": "",
        "search_url": "https://www.priceline.com.au/",
        "name": "Priceline",
        "short_name": "Priceline",
        "domain": "https://www.priceline.com.au/",
        "address": ""
    },
    "model": "store.store",
    "pk": 2
},
{
    "fields": {
        "shipping_rate": "",
        "search_url": "http://www.amcal.com.au/",
        "name": "Amcal",
        "short_name": "Amcal",
        "domain": "http://www.amcal.com.au/",
        "address": ""
    },
    "model": "store.store",
    "pk": 3
},
{
    "fields": {
        "shipping_rate": "",
        "search_url": "",
        "name": "Elegant Nest",
        "short_name": "Elegant Nest",
        "domain": "",
        "address": "Shop G50 Box Hill Central"
    },
    "model": "store.store",
    "pk": 4
},
{
    "fields": {
        "shipping_rate": "",
        "search_url": "",
        "name": "\u738b\u4e2d\u738b",
        "short_name": "\u738b\u4e2d\u738b",
        "domain": "",
        "address": ""
    },
    "model": "store.store",
    "pk": 5
},
{
    "fields": {
        "shipping_rate": "",
        "search_url": "",
        "name": "Harris Scarfe",
        "short_name": "Harris Scarfe",
        "domain": "",
        "address": ""
    },
    "model": "store.store",
    "pk": 6
},
{
    "fields": {
        "shipping_rate": "",
        "search_url": "",
        "name": "Au Express",
        "short_name": "AUE\u6fb3\u90ae\u901f\u9012",
        "domain": "http://www.auexpress.com.au/",
        "address": ""
    },
    "model": "store.store",
    "pk": 7
},
{
    "fields": {
        "shipping_rate": "",
        "search_url": "",
        "name": "[AUSGO]\u6613\u90ae\u8d2d",
        "short_name": "AUSGO",
        "domain": "",
        "address": "868 Canterbury Road"
    },
    "model": "store.store",
    "pk": 8
},
{
    "fields": {
        "shipping_rate": "",
        "search_url": "",
        "name": "RITA",
        "short_name": "RITA",
        "domain": "",
        "address": "46 Main Street Box Hill"
    },
    "model": "store.store",
    "pk": 9
},
{
    "fields": {
        "shipping_rate": "",
        "search_url": "",
        "name": "Woolworths",
        "short_name": "Woolworths",
        "domain": "",
        "address": ""
    },
    "model": "store.store",
    "pk": 10
},
{
    "fields": {
        "shipping_rate": "",
        "search_url": "",
        "name": "Coles",
        "short_name": "Coles",
        "domain": "",
        "address": ""
    },
    "model": "store.store",
    "pk": 11
},
{
    "fields": {
        "shipping_rate": "",
        "search_url": "",
        "name": "SFX",
        "short_name": "SFX\u987a\u98ce",
        "domain": "",
        "address": ""
    },
    "model": "store.store",
    "pk": 12
}
]
